state_clean,district_clean,anomaly_count,mean_severity,max_severity,DSI,stress_level
andaman and nicobar islands,north and middle andaman,0.0,0.75,0.589734284085699,0.40192028522570966,Moderate
andaman and nicobar islands,south andaman,0.0,0.5434782608695652,0.5747200997239933,0.3354595081780675,Low
andaman and nicobar islands,nicobar,0.0,0.3804347826086956,0.6709691428661109,0.31542117764244193,Low
andaman and nicobar islands,nicobars,0.0,0.5434782608695652,0.38375529921295104,0.27817006802475486,Low
andaman and nicobar islands,andamans,0.0,0.32608695652173914,0.5641670467430182,0.2670762009794272,Low
andhra pradesh,alluri sitharama raju,1.0,0.5852581521739131,0.8952350863416252,0.8441479715546615,High
andhra pradesh,srikakulam,1.0,0.532608695652174,0.779244577378855,0.7935559819093088,High
andhra pradesh,vizianagaram,0.0,0.8423913043478262,0.6472766362096151,0.4469003821672324,Moderate
andhra pradesh,mahabub nagar,0.0,0.6521739130434783,0.7279029536972231,0.41402306002221045,Moderate
andhra pradesh,kurnool,0.0,0.8260869565217392,0.5163770694151941,0.40273920778107997,Moderate
andhra pradesh,nalgonda,0.0,0.7173913043478262,0.6210949690771316,0.4015458820274873,Moderate
andhra pradesh,y s r,0.0,0.7717391304347827,0.5524274855361277,0.39724998479127316,Low
andhra pradesh,khammam,0.0,0.8586956521739132,0.441126421221506,0.38994662201862573,Low
andhra pradesh,ananthapur,0.0,0.641304347826087,0.6469804485975673,0.3864854389270963,Low
andhra pradesh,sri potti sriramulu nellore,0.0,0.6521739130434783,0.6342581130507897,0.3859296078282804,Low
andhra pradesh,adilabad,0.0,0.6956521739130435,0.5447911055371732,0.372132983835065,Low
andhra pradesh,anantapur,0.0,0.4673913043478261,0.7458687109055391,0.36397800457600954,Low
andhra pradesh,annamayya,0.0,0.5434782608695652,0.6516300187407772,0.35853248388310266,Low
andhra pradesh,nandyal,0.0,0.6056385869565218,0.5873438613294371,0.3578947344857877,Low
andhra pradesh,tirupati,0.0,0.6956521739130435,0.49518881025714107,0.35725229525105534,Low
andhra pradesh,chittoor,0.0,0.6086956521739131,0.5734645043840746,0.35464804696739627,Low
andhra pradesh,cuddapah,0.0,0.6437669836956522,0.4896268382691287,0.3400181465894343,Low
andhra pradesh,kv rangareddy,0.0,0.6739130434782609,0.4573020839927683,0.33936453824130874,Low
andhra pradesh,anakapalli,0.0,0.45652173913043476,0.673712688712407,0.3390703283528525,Low
andhra pradesh,kvrangareddy,0.0,0.6902173913043479,0.4389694741663148,0.3387560596411988,Low
andhra pradesh,palnadu,0.0,0.45991847826086957,0.6542686924810738,0.334256151222583,Low
andhra pradesh,guntur,0.0,0.5869565217391305,0.521184738784359,0.3324423781570468,Low
andhra pradesh,bapatla,0.0,0.6956521739130435,0.40896695977450914,0.33138574010626576,Low
andhra pradesh,east godavari,0.0,0.5760869565217391,0.5093889538456192,0.3256427731102075,Low
andhra pradesh,west godavari,0.0,0.5108695652173914,0.5735659129103563,0.3253306434383243,Low
andhra pradesh,nizamabad,0.0,0.4347826086956522,0.6467683322421319,0.3244652822813352,Low
andhra pradesh,medak,0.0,0.4782608695652174,0.5913833786015812,0.32089327445003957,Low
andhra pradesh,warangal,0.0,0.5760869565217391,0.4719610490064211,0.31441440165844803,Low
andhra pradesh,karimnagar,0.0,0.34782608695652173,0.6701458720230842,0.30539158769388175,Low
andhra pradesh,ananthapuramu,0.0,0.5217391304347826,0.49082368368705326,0.3037688442365507,Low
andhra pradesh,spsr nellore,0.0,0.6199048913043479,0.38642619354110735,0.30189932545363657,Low
andhra pradesh,mahabubnagar,0.0,0.5679347826086957,0.4223673771084866,0.29709064791515466,Low
andhra pradesh,mahbubnagar,0.0,0.4347826086956522,0.5536238683475124,0.2965219431129494,Low
andhra pradesh,prakasam,0.0,0.5499320652173914,0.43240465503113856,0.29470101607455895,Low
andhra pradesh,krishna,0.0,0.4782608695652174,0.501560648114371,0.29394645530387653,Low
andhra pradesh,n t r,0.0,0.29347826086956524,0.6484431192822568,0.2825764140455466,Low
andhra pradesh,kakinada,0.0,0.28260869565217395,0.6008638032927001,0.26504174968346217,Low
andhra pradesh,dr b r ambedkar konaseema,0.0,0.3695652173913044,0.4220929919154046,0.23749746279201267,Low
andhra pradesh,nellore,0.0,0.33695652173913043,0.4511765020716167,0.23643990714322413,Low
andhra pradesh,parvathipuram manyam,0.0,0.3586956521739131,0.42863910117171605,0.23620042600368873,Low
andhra pradesh,visakhapatnam,0.0,0.2391304347826087,0.5298553515027516,0.2306957358856081,Low
andhra pradesh,rangareddy,0.0,0.3043478260869565,0.4448189982952382,0.22475004731465842,Low
andhra pradesh,eluru,0.0,0.32608695652173914,0.3876833833238281,0.2141311019536702,Low
andhra pradesh,hyderabad,0.0,0.20652173913043476,0.4596948879222787,0.19986498811581405,Low
andhra pradesh,sri sathya sai,0.0,0.2391304347826087,0.4112053179515604,0.19510072582025073,Low
andhra pradesh,visakhapatanam,0.0,0.5434782608695652,0.0,0.16304347826086954,Low
arunachal pradesh,shiyomi,1.0,0.625,1.0,0.8875,High
arunachal pradesh,dibang valley,1.0,0.4619565217391305,0.9784746867105228,0.832129362534896,High
arunachal pradesh,east kameng,1.0,0.5434782608695652,0.8465334610267053,0.8170035165688811,High
arunachal pradesh,changlang,1.0,0.47961956521739135,0.8908952761200302,0.8111544524012264,High
arunachal pradesh,papum pare,0.0,0.7608695652173914,0.7436578438563458,0.4513582227221211,Moderate
arunachal pradesh,upper subansiri,0.0,0.6956521739130435,0.7074309665453081,0.4209249421375055,Moderate
arunachal pradesh,longding,0.0,0.6521739130434783,0.6895757148054235,0.4025248883546705,Moderate
arunachal pradesh,siang,0.0,0.6141304347826088,0.6547047391234528,0.3806505521718185,Low
arunachal pradesh,lower siang,0.0,0.5760869565217391,0.6715078346118185,0.37427843734006727,Low
arunachal pradesh,kra daadi,0.0,0.5,0.7467237895503858,0.37401713686511573,Low
arunachal pradesh,anjaw,0.0,0.782608695652174,0.45568996738846856,0.37148959891219274,Low
arunachal pradesh,upper siang,0.0,0.5,0.7355970462405815,0.37067911387217445,Low
arunachal pradesh,east siang,0.0,0.6304347826086957,0.5688699042194766,0.35979140604845167,Low
arunachal pradesh,kamle,0.0,0.4130434782608696,0.7072159289359136,0.3360778221590349,Low
arunachal pradesh,tirap,0.0,0.4347826086956522,0.6491525720238924,0.32518055421586334,Low
arunachal pradesh,lohit,0.0,0.5434782608695652,0.5249522695059796,0.32052915911266344,Low
arunachal pradesh,pakke kessang,0.0,0.5043478260869565,0.5585138719227069,0.318858509402899,Low
arunachal pradesh,west siang,0.0,0.4782608695652174,0.538622911083886,0.305065134194731,Low
arunachal pradesh,tawang,0.0,0.40217391304347827,0.5808432271386286,0.29490514205463203,Low
arunachal pradesh,lower dibang valley,0.0,0.27717391304347827,0.6934269452695458,0.29118025749390725,Low
arunachal pradesh,kurung kumey,0.0,0.3695652173913044,0.5339874673332338,0.2710658054173614,Low
arunachal pradesh,west kameng,0.0,0.45652173913043476,0.4237691897699547,0.26408727867011683,Low
arunachal pradesh,lower subansiri,0.0,0.28260869565217395,0.48276992393497686,0.22961358587614525,Low
arunachal pradesh,leparada,0.0,0.34782608695652173,0.3932075910146175,0.22231010339134177,Low
arunachal pradesh,namsai,0.0,0.17119565217391305,0.4677917499735507,0.1916962206442391,Low
assam,north cachar hills,1.0,0.4673913043478261,0.7949094505759936,0.7786902264771459,High
assam,charaideo,0.0,0.7622282608695652,0.7260403242170742,0.44648057552599185,Moderate
assam,udalguri,0.0,0.7391304347826088,0.7150743534721802,0.43626143647643667,Moderate
assam,karimganj,0.0,0.7173913043478262,0.7034489361077222,0.4262520721366645,Moderate
assam,majuli,0.0,0.75,0.663153514747022,0.4239460544241066,Moderate
assam,sonitpur,0.0,0.8043478260869565,0.5338561596074785,0.4014611957083305,Moderate
assam,darrang,0.0,0.782608695652174,0.5343203937709041,0.3950787268269234,Low
assam,cachar,0.0,0.782608695652174,0.50435987055427,0.3860905698619332,Low
assam,west karbi anglong,0.0,0.75,0.5101095740661162,0.37803287221983484,Low
assam,hailakandi,0.0,0.6739130434782609,0.5680768953541236,0.37259698164971533,Low
assam,baksa,0.0,0.6304347826086957,0.6003083799702974,0.3692229487736979,Low
assam,dhemaji,0.0,0.5434782608695652,0.6749779674290926,0.3655368684895973,Low
assam,dima hasao,0.0,0.5271739130434783,0.6865025336446051,0.364102934006425,Low
assam,south salmara mankachar,0.0,0.6521739130434783,0.5138476954821328,0.3498064825576833,Low
assam,lakhimpur,0.0,0.5,0.6613330608234477,0.3483999182470343,Low
assam,nalbari,0.0,0.5652173913043479,0.5884503869983922,0.34610033349082203,Low
assam,sibsagar,0.0,0.6304347826086957,0.5155897853056773,0.34380737037431186,Low
assam,nagaon,0.0,0.5869565217391305,0.5389471329020726,0.3377710963923609,Low
assam,biswanath,0.0,0.6304347826086957,0.4867193191182372,0.33514623051807985,Low
assam,marigaon,0.0,0.5869565217391305,0.5149106285800017,0.3305601450957396,Low
assam,sribhumi,0.0,0.5434782608695652,0.410771661210993,0.28627497662416745,Low
assam,golaghat,0.0,0.19293478260869562,0.7420982166800582,0.2805098997866261,Low
assam,tinsukia,0.0,0.2608695652173913,0.6431099233668379,0.2711938465752688,Low
assam,dibrugarh,0.0,0.20652173913043476,0.6969030097566957,0.27102742466613916,Low
assam,kamrup,0.0,0.3695652173913044,0.5306192791263035,0.2700553489552823,Low
assam,barpeta,0.0,0.34782608695652173,0.5504888061449027,0.2694944679304273,Low
assam,jorhat,0.0,0.28804347826086957,0.6010693939209236,0.26673386165453794,Low
assam,bajali,0.0,0.5434782608695652,0.33582925599289,0.26379225505873655,Low
assam,dhubri,0.0,0.3695652173913044,0.4746155092133446,0.2532542179813947,Low
assam,bongaigaon,0.0,0.2391304347826087,0.5916310372183293,0.2492284416002814,Low
assam,hojai,0.0,0.34782608695652173,0.4771642944106334,0.24749711441014655,Low
assam,karbi anglong,0.0,0.28260869565217395,0.5408924709003785,0.24705034996576572,Low
assam,goalpara,0.0,0.28260869565217395,0.5407187976297523,0.24699824798457787,Low
assam,sivasagar,0.0,0.5434782608695652,0.2713559743897503,0.24445027057779461,Low
assam,chirang,0.0,0.28260869565217395,0.5160251581539675,0.23959015614184245,Low
assam,kokrajhar,0.0,0.15217391304347824,0.6298907800211221,0.23461940791938007,Low
assam,tamulpur district,0.0,0.5434782608695652,0.229889108606003,0.23201021084267043,Low
assam,kamrup metro,0.0,0.1875,0.5776344096696261,0.22954032290088783,Low
bihar,munger,1.0,0.8478260869565217,0.7803857117961543,0.8884635396258028,High
bihar,begusarai,1.0,0.7608695652173914,0.8281995941134322,0.8767207477992471,High
bihar,bhagalpur,1.0,0.7635869565217391,0.8139297651517042,0.873255016502033,High
bihar,araria,1.0,0.7336956521739131,0.804844985858461,0.8615621914097122,High
bihar,gaya,1.0,0.6358695652173914,0.8688044607689273,0.8514022077958956,High
bihar,purnea,1.0,0.6891983695652174,0.7999706033400318,0.8467506918715748,High
bihar,kishanganj,1.0,0.5760869565217391,0.9102951651846234,0.8459146365119088,High
bihar,arwal,1.0,0.672554347826087,0.7886462496168614,0.8383601792328845,High
bihar,gopalganj,1.0,0.532608695652174,0.7929152414244259,0.79765718112298,High
bihar,madhubani,1.0,0.4347826086956522,0.8320867731458483,0.7800608145524501,High
bihar,supaul,1.0,0.3940217391304348,0.8486566817664326,0.7728035262690602,High
bihar,nalanda,1.0,0.3695652173913044,0.8536638594192235,0.7669687230431583,High
bihar,sheohar,1.0,0.391304347826087,0.802055691420477,0.7580080117739691,High
bihar,vaishali,1.0,0.3206521739130435,0.8009550459788555,0.7364821659675698,High
bihar,buxar,1.0,0.28260869565217395,0.7997708211720994,0.724713855047282,High
bihar,jamui,1.0,0.3043478260869565,0.7734597389246867,0.723342269503493,High
bihar,madhepura,0.0,0.9130434782608695,0.7119165576310168,0.48748801076756587,Moderate
bihar,siwan,0.0,0.7391304347826088,0.7326533037585683,0.4415351215623531,Moderate
bihar,bhojpur,0.0,0.7173913043478262,0.7218752415285419,0.4317799637629104,Moderate
bihar,saran,0.0,0.6630434782608696,0.7448261107530902,0.422360876704188,Moderate
bihar,darbhanga,0.0,0.6521739130434783,0.7324065272499638,0.41537413208803264,Moderate
bihar,khagaria,0.0,0.6739130434782609,0.6888379757145067,0.40882530575783027,Moderate
bihar,sheikhpura,0.0,0.7255434782608695,0.6008196572715575,0.3979089406597281,Low
bihar,pashchim champaran,0.0,0.6273291925465838,0.6984476407240932,0.39773304998120307,Low
bihar,katihar,0.0,0.5815217391304348,0.7325319548929066,0.39421610820700237,Low
bihar,samastipur,0.0,0.5543478260869565,0.7576165929947607,0.39358932572451516,Low
bihar,aurangabad,0.0,0.5652173913043479,0.71894656433322,0.3852491866912704,Low
bihar,banka,0.0,0.5570652173913044,0.7188187829433592,0.38276520010039905,Low
bihar,muzaffarpur,0.0,0.5217391304347826,0.7477599333049798,0.38084971912192866,Low
bihar,patna,0.0,0.5380434782608696,0.6615133312193864,0.3598670428440768,Low
bihar,kaimur bhabua,0.0,0.532608695652174,0.639221070158125,0.35154892974308966,Low
bihar,saharsa,0.0,0.45108695652173914,0.707359883758377,0.3475340520840348,Low
bihar,sitamarhi,0.0,0.36141304347826086,0.7650895865869947,0.33795078901957665,Low
bihar,jehanabad,0.0,0.48913043478260876,0.6208215558392297,0.3329855971865515,Low
bihar,nawada,0.0,0.3790760869565218,0.7205451909380026,0.3298863833683573,Low
bihar,sheikpura,0.0,0.5679347826086957,0.5233978923746715,0.3273998024950101,Low
bihar,rohtas,0.0,0.32608695652173914,0.6541682113867903,0.2940765503725588,Low
bihar,monghyr,0.0,0.5434782608695652,0.43004810445899105,0.2920579095985668,Low
bihar,east champaran,0.0,0.2391304347826087,0.7249704340707377,0.2892302606560039,Low
bihar,purnia,0.0,0.25203804347826086,0.695950555029107,0.2843965795522103,Low
bihar,purba champaran,0.0,0.5434782608695652,0.3262959536274065,0.2609322643490915,Low
bihar,lakhisarai,0.0,0.23369565217391305,0.6190933441525254,0.25583669889793154,Low
bihar,samstipur,0.0,0.5190217391304348,0.33230578242627323,0.2553982564670124,Low
bihar,aurangabadbh,0.0,0.5190217391304348,0.3274889750020985,0.25395321423976,Low
bihar,bhabua,0.0,0.47010869565217395,0.3689595444361973,0.2517204720265114,Low
bihar,west champaran,0.0,0.14130434782608697,0.6937152673158252,0.25050588454257366,Low
bihar,purbi champaran,0.0,0.4782608695652174,0.3131297468056927,0.23741718491127303,Low
bihar,muzaf,0.0,0.5434782608695652,0.0,0.16304347826086954,Low
chandigarh,chandigarh,1.0,0.391304347826087,0.916833604315622,0.7924413856425128,High
chandigarh,mohali,0.0,0.5434782608695652,0.38375529921295104,0.27817006802475486,Low
chandigarh,rupnagar,0.0,0.5557065217391305,0.30857164994747505,0.25928345150598164,Low
chhattisgarh,dantewada,1.0,0.7072010869565217,0.9096049799239673,0.8850418200641468,High
chhattisgarh,narayanpur,1.0,0.6956521739130435,0.9113697371212718,0.8821065733102946,High
chhattisgarh,dakshin bastar dantewada,1.0,0.7934782608695652,0.7823135021682069,0.8727375289113317,High
chhattisgarh,kondagaon,1.0,0.5869565217391305,0.9323956229911167,0.8558056434190742,High
chhattisgarh,gariyaband,1.0,0.7173913043478262,0.7779410964406666,0.8485997202365478,High
chhattisgarh,rajnandgaon,1.0,0.5434782608695652,0.9253184100989754,0.8406390012905621,High
chhattisgarh,sukma,1.0,0.6304347826086957,0.7835603395783771,0.8241985366561219,High
chhattisgarh,balrampur,1.0,0.5869565217391305,0.7870408511209459,0.8121992118580229,High
chhattisgarh,mahasamund,1.0,0.3179347826086957,0.9719629283579367,0.7869693132899898,High
chhattisgarh,surajpur,0.0,0.891304347826087,0.6131785293890628,0.4513448631645449,Moderate
chhattisgarh,uttar bastar kanker,0.0,0.6304347826086957,0.7270169973971876,0.40723553400176493,Moderate
chhattisgarh,bilaspur,0.0,0.8043478260869565,0.506867086032222,0.39336447363575355,Low
chhattisgarh,khairagarh chhuikhadan gandai,0.0,0.5842391304347827,0.7220311975080386,0.39188109838284635,Low
chhattisgarh,mohlamanpurambagarh chouki,0.0,0.6902173913043479,0.6114713764829451,0.39050663033618793,Low
chhattisgarh,gaurelapendramarwahi,0.0,0.6195652173913043,0.6705262441199138,0.3870274384533654,Low
chhattisgarh,koriya,0.0,0.5217391304347826,0.7414586424990741,0.37895933188015696,Low
chhattisgarh,manendragarhchirmiribharatpur,0.0,0.65527950310559,0.589549627272171,0.37344873911332827,Low
chhattisgarh,durg,0.0,0.7173913043478262,0.5230530895330222,0.3721333181642545,Low
chhattisgarh,kawardha,0.0,0.7173913043478262,0.5218587174224384,0.3717750065310793,Low
chhattisgarh,janjgirchampa,0.0,0.6956521739130435,0.4710070855944713,0.3499977778522544,Low
chhattisgarh,kanker,0.0,0.45652173913043476,0.6989526247801803,0.3466423091731845,Low
chhattisgarh,dhamtari,0.0,0.7608695652173914,0.3532787588391828,0.33424449721697225,Low
chhattisgarh,raipur,0.0,0.6956521739130435,0.4029052334683544,0.32956722221441936,Low
chhattisgarh,sakti,0.0,0.45652173913043476,0.6395417053075376,0.32881903333139173,Low
chhattisgarh,surguja,0.0,0.45652173913043476,0.5712384370497572,0.30832805285405757,Low
chhattisgarh,korba,0.0,0.4619565217391305,0.5370782233038525,0.2997104235128949,Low
chhattisgarh,vijayapura,0.0,0.5217391304347826,0.4766623504267117,0.29952044425844826,Low
chhattisgarh,bemetara,0.0,0.5,0.4693343997337441,0.29080031992012323,Low
chhattisgarh,baloda bazar,0.0,0.4130434782608696,0.5497899204995272,0.28885001962811907,Low
chhattisgarh,mungeli,0.0,0.32608695652173914,0.6347154526983205,0.2882407227660179,Low
chhattisgarh,sarangarhbilaigarh,0.0,0.5434782608695652,0.3876425967865461,0.27933625729683337,Low
chhattisgarh,mohallamanpurambagarh chowki,0.0,0.4260869565217391,0.4999228592881606,0.2778029447429699,Low
chhattisgarh,janjgir champa,0.0,0.4945652173913044,0.3754931768786612,0.2610175182809896,Low
chhattisgarh,jashpur,0.0,0.28260869565217395,0.5686134500124899,0.2553666436993991,Low
chhattisgarh,kabeerdham,0.0,0.28260869565217395,0.5596843404322773,0.25268791082533537,Low
chhattisgarh,bastar,0.0,0.2391304347826087,0.5969916115798377,0.2508366139087339,Low
chhattisgarh,gaurella pendra marwahi,0.0,0.5434782608695652,0.2713559743897503,0.24445027057779461,Low
chhattisgarh,balod,0.0,0.32608695652173914,0.43202370782282307,0.22743319930336864,Low
chhattisgarh,raigarh,0.0,0.1956521739130435,0.46793759478636776,0.19907693060982337,Low
dadra and nagar haveli and daman and diu,dadra and nagar haveli,1.0,0.8260869565217392,0.8108793968698098,0.8910899060174647,High
dadra and nagar haveli and daman and diu,daman,1.0,0.5978260869565217,0.8902998298380409,0.8464377750383688,High
dadra and nagar haveli and daman and diu,diu,0.0,0.6217391304347826,0.6370250023941142,0.37762923984866903,Low
delhi,north east,1.0,0.391304347826087,0.7758937697521827,0.7501594352734808,High
delhi,south delhi,0.0,0.5869565217391305,0.7406070067014727,0.398269058532181,Low
delhi,shahdara,0.0,0.5,0.7541606676033284,0.3762482002809985,Low
delhi,south east delhi,0.0,0.5,0.7454380342378164,0.37363141027134494,Low
delhi,east delhi,0.0,0.5652173913043479,0.6741440212467132,0.3718084237653183,Low
delhi,north delhi,0.0,0.5652173913043479,0.5664934893639637,0.33951326420049344,Low
delhi,north east delhi,0.0,0.4782608695652174,0.6437528545713106,0.3366041172409584,Low
delhi,new delhi,0.0,0.48913043478260876,0.6302624243181049,0.3358178577302141,Low
delhi,north west delhi,0.0,0.4782608695652174,0.610916321429082,0.3267531572982898,Low
delhi,west delhi,0.0,0.5,0.5814575997917681,0.32443727993753047,Low
delhi,central delhi,0.0,0.3695652173913044,0.6794876303181049,0.3147158543128228,Low
delhi,south west delhi,0.0,0.34782608695652173,0.6013478409998042,0.28475217838689776,Low
delhi,najafgarh,0.0,0.4177018633540373,0.487624573780843,0.27159793114046404,Low
delhi,north east ,0.0,0.5434782608695652,0.0,0.16304347826086954,Low
goa,south goa,1.0,0.6229619565217391,0.769605054126444,0.817770103194455,High
goa,north goa,0.0,0.5108695652173914,0.6210528616710609,0.33957672806653566,Low
goa,bardez,0.0,0.5434782608695652,0.5021572851381433,0.31369066380231253,Low
goa,tiswadi,0.0,0.5434782608695652,0.27135597438975023,0.24445027057779461,Low
gujarat,dohad,1.0,0.6847826086956522,0.9319087944347192,0.8850074209391114,High
gujarat,banas kantha,1.0,0.5434782608695652,0.8202914024315733,0.8091308989903415,High
gujarat,kheda,1.0,0.4347826086956522,0.7900627649091212,0.767453612081432,High
gujarat,bharuch,1.0,0.3498641304347826,0.7825671464485937,0.7397293830650129,High
gujarat,bhavnagar,0.0,0.9347826086956522,0.6212191959170844,0.466800541383821,Moderate
gujarat,valsad,0.0,0.8043478260869565,0.7052618259660108,0.45288289561589024,Moderate
gujarat,jamnagar,0.0,0.8206521739130436,0.6695097489885797,0.447048576870487,Moderate
gujarat,navsari,0.0,0.6630434782608696,0.7627248214231195,0.4277304899051967,Moderate
gujarat,gandhinagar,0.0,0.8043478260869565,0.6170294796715754,0.42641319172755954,Moderate
gujarat,mahesana,0.0,0.75,0.6076535393342336,0.40729606180027006,Moderate
gujarat,morbi,0.0,0.5869565217391305,0.7476580533310164,0.4003843725210441,Moderate
gujarat,panchmahals,0.0,0.8043478260869565,0.5084080486790171,0.3938267624297921,Low
gujarat,tapi,0.0,0.5625,0.7429852082399944,0.3916455624719983,Low
gujarat,mahisagar,0.0,0.7092391304347827,0.5902644589621181,0.3898510768190703,Low
gujarat,porbandar,0.0,0.7173913043478262,0.5741303843229185,0.3874565066012234,Low
gujarat,surat,0.0,0.8260869565217392,0.463829583654102,0.38697496205275234,Low
gujarat,junagadh,0.0,0.7221467391304348,0.5555563009307146,0.38331091201834483,Low
gujarat,the dangs,0.0,0.7391304347826088,0.5136397241041175,0.3758310476660179,Low
gujarat,sabar kantha,0.0,0.5630434782608696,0.6832510755176376,0.37388836613355214,Low
gujarat,chhotaudepur,0.0,0.7173913043478262,0.5248594479861325,0.3726752257001876,Low
gujarat,arvalli,0.0,0.5,0.7169627214027373,0.3650888164208212,Low
gujarat,panch mahals,0.0,0.5239130434782608,0.682522311502177,0.36193060649413134,Low
gujarat,surendranagar,0.0,0.5239130434782608,0.6743124136373989,0.3594676371346979,Low
gujarat,surendra nagar,0.0,0.45652173913043476,0.709449926090265,0.3497914995662099,Low
gujarat,banaskantha,0.0,0.7065217391304348,0.44238129052414904,0.34467090889637514,Low
gujarat,sabarkantha,0.0,0.5387228260869565,0.573122604890002,0.3335536292930875,Low
gujarat,narmada,0.0,0.3695652173913044,0.6953213639031743,0.3194659743883436,Low
gujarat,kachchh,0.0,0.5489130434782609,0.4931439643620408,0.3126171023520905,Low
gujarat,rajkot,0.0,0.5978260869565217,0.4198234556633333,0.3052948627859565,Low
gujarat,botad,0.0,0.4130434782608696,0.5974202264846811,0.30313911142366523,Low
gujarat,dahod,0.0,0.5,0.5070669013981708,0.3021200704194512,Low
gujarat,ahmedabad,0.0,0.42391304347826086,0.5681539994161884,0.2976201128683348,Low
gujarat,patan,0.0,0.21739130434782608,0.7510140504566772,0.290521606441351,Low
gujarat,gir somnath,0.0,0.37296195652173914,0.5763569156142992,0.2847956616408115,Low
gujarat,vadodara,0.0,0.28260869565217395,0.6461594271336791,0.27863043683575595,Low
gujarat,anand,0.0,0.32608695652173914,0.5440782170838536,0.26104955208167785,Low
gujarat,amreli,0.0,0.3586956521739131,0.5087002584268359,0.2602187731802247,Low
gujarat,dang,0.0,0.5434782608695652,0.2713559743897503,0.24445027057779461,Low
gujarat,devbhumi dwarka,0.0,0.3423913043478261,0.3821683335736332,0.2173678913764378,Low
haryana,palwal,0.0,0.9093070652173915,0.6840950682952945,0.4780206400538058,Moderate
haryana,hisar,0.0,0.6739130434782609,0.7556861991827083,0.4288797727982907,Moderate
haryana,faridabad,0.0,0.7173913043478262,0.6534611052988901,0.41125572289401485,Moderate
haryana,rohtak,0.0,0.7717391304347827,0.46117163871915723,0.36987323074618195,Low
haryana,mewat,0.0,0.6304347826086957,0.5929842556195158,0.3670257114684634,Low
haryana,fatehabad,0.0,0.6630434782608696,0.5520000849592713,0.3645130689660423,Low
haryana,rewari,0.0,0.6847826086956522,0.48204095898582816,0.3500470703044441,Low
haryana,panchkula,0.0,0.532608695652174,0.6240158214073578,0.3469873551178595,Low
haryana,jhajjar,0.0,0.45108695652173914,0.650927235084196,0.3306042574817806,Low
haryana,yamuna nagar,0.0,0.4650135869565218,0.6336743881316225,0.3296063925264433,Low
haryana,panipat,0.0,0.375,0.6806502617109799,0.3166950785132939,Low
haryana,charkhi dadri,0.0,0.40625,0.6280779066397906,0.31029837199193716,Low
haryana,kurukshetra,0.0,0.5652173913043479,0.4667187293316767,0.30958083619080734,Low
haryana,yamunanagar,0.0,0.4945652173913044,0.5224353894615444,0.30510018205585465,Low
haryana,sirsa,0.0,0.47010869565217395,0.5382003613713899,0.30249271710706915,Low
haryana,kaithal,0.0,0.3586956521739131,0.6419857274001285,0.30020441387221247,Low
haryana,gurgaon,0.0,0.4782608695652174,0.4971651702683829,0.2926278119500801,Low
haryana,bhiwani,0.0,0.4429347826086957,0.5129761131963029,0.28677326874149955,Low
haryana,gurugram,0.0,0.5434782608695652,0.39579426456577216,0.2817817576306012,Low
haryana,sonipat,0.0,0.4456521739130435,0.47174008393983335,0.27521767735586306,Low
haryana,mahendragarh,0.0,0.34782608695652173,0.4261449854152471,0.23219132171153062,Low
haryana,jind,0.0,0.29891304347826086,0.406432323741856,0.21160361016603507,Low
haryana,karnal,0.0,0.25,0.4460518139275511,0.2088155441782653,Low
haryana,ambala,0.0,0.25,0.4227343132472923,0.20182029397418771,Low
haryana,akhera,0.0,0.5434782608695652,0.0,0.16304347826086954,Low
haryana,jhajjar ,0.0,0.5434782608695652,0.0,0.16304347826086954,Low
haryana,nuh,0.0,0.5434782608695652,0.0,0.16304347826086954,Low
himachal pradesh,sirmaur,1.0,0.1847826086956522,0.8124786356205496,0.6991783732948605,Moderate
himachal pradesh,bilaspur,0.0,0.9347826086956522,0.5144282071207079,0.434763244744908,Moderate
himachal pradesh,kangra,0.0,0.5652173913043479,0.7208808980684398,0.38582948681183626,Low
himachal pradesh,una,0.0,0.7608695652173914,0.49077105988393843,0.3754921875303989,Low
himachal pradesh,kinnaur,0.0,0.5434782608695652,0.6829210379261018,0.3679197896387001,Low
himachal pradesh,kullu,0.0,0.7391304347826088,0.472766522523438,0.363569087191814,Low
himachal pradesh,shimla,0.0,0.5543478260869565,0.6432211959954434,0.35927070662471994,Low
himachal pradesh,lahaul and spiti,0.0,0.5434782608695652,0.5482408990641373,0.32751574798011074,Low
himachal pradesh,mandi,0.0,0.3967391304347826,0.6907675656659006,0.32625200883020494,Low
himachal pradesh,hamirpur,0.0,0.5923913043478262,0.4923730662350466,0.32542931117486185,Low
himachal pradesh,chamba,0.0,0.28532608695652173,0.7613492635529934,0.3140026051528545,Low
himachal pradesh,lahul and spiti,0.0,0.4130434782608696,0.5945113400872963,0.3022664455044498,Low
himachal pradesh,solan,0.0,0.391304347826087,0.5785898952994646,0.2909682729376655,Low
jammu and kashmir,badgam,1.0,0.6847826086956522,0.9359132203176724,0.8862087487039974,High
jammu and kashmir,reasi,1.0,0.5217391304347826,0.8347651306514458,0.8069512783258685,High
jammu and kashmir,udhampur,1.0,0.501358695652174,0.8031173601100734,0.7913428167286742,High
jammu and kashmir,jammu,0.0,0.9021739130434783,0.7245716486895419,0.4880236685199061,Moderate
jammu and kashmir,kathua,0.0,0.8369565217391305,0.6766630823890917,0.4540858812384666,Moderate
jammu and kashmir,ramban,0.0,0.7173913043478262,0.7143044327173207,0.429508721119544,Moderate
jammu and kashmir,rajouri,0.0,0.6304347826086957,0.7348685536142631,0.4095910008668876,Moderate
jammu and kashmir,punch,0.0,0.7391304347826088,0.6000225285390497,0.40174588899649755,Moderate
jammu and kashmir,samba,0.0,0.641304347826087,0.6944677427366323,0.4007316271688158,Moderate
jammu and kashmir,kupwara,0.0,0.7282608695652175,0.6012523880160429,0.3988539772743781,Low
jammu and kashmir,budgam,0.0,0.720108695652174,0.5957900567026326,0.394769625706442,Low
jammu and kashmir,shupiyan,0.0,0.5380434782608696,0.7124299290685034,0.3751420221988119,Low
jammu and kashmir,leh,0.0,0.4673913043478261,0.7412341372106926,0.3625876324675556,Low
jammu and kashmir,ganderbal,0.0,0.5869565217391305,0.5844199054994146,0.3514129281715635,Low
jammu and kashmir,doda,0.0,0.6956521739130435,0.45497423935878856,0.3451879239815496,Low
jammu and kashmir,bandipore,0.0,0.6304347826086957,0.5176403336026406,0.34442253486340085,Low
jammu and kashmir,kulgam,0.0,0.6195652173913043,0.47186421178533045,0.3274288287529904,Low
jammu and kashmir,baramula,0.0,0.5434782608695652,0.5394490512834176,0.3248781936458948,Low
jammu and kashmir,srinagar,0.0,0.4130434782608696,0.594168808647298,0.30216368607245025,Low
jammu and kashmir,anantnag,0.0,0.32608695652173914,0.6458449689813418,0.2915795776509243,Low
jammu and kashmir,pulwama,0.0,0.4782608695652174,0.48764474111991996,0.2897716832055412,Low
jammu and kashmir,kargil,0.0,0.45652173913043476,0.5027832096486323,0.2877914846337201,Low
jammu and kashmir,kishtwar,0.0,0.3865489130434782,0.516699699733881,0.2709745838332077,Low
jammu and kashmir,leh ladakh,0.0,0.5434782608695652,0.332341837955314,0.26274602964746374,Low
jammu and kashmir,rajauri,0.0,0.4782608695652174,0.2900917388630427,0.23050578252847803,Low
jammu and kashmir,bandipur,0.0,0.5434782608695652,0.0,0.16304347826086954,Low
jammu and kashmir,shopian,0.0,0.5434782608695652,0.0,0.16304347826086954,Low
jharkhand,dhanbad,1.0,0.782608695652174,0.9276828976572586,0.9130874779928297,High
jharkhand,sahebganj,1.0,0.7173913043478262,0.9190627012887881,0.8909362016909843,High
jharkhand,garhwa,1.0,0.782608695652174,0.8324351289628937,0.8845131473845202,High
jharkhand,koderma,1.0,0.6929347826086957,0.912349266000009,0.8815852145826115,High
jharkhand,chatra,1.0,0.686141304347826,0.8849341747259877,0.8713226437221441,High
jharkhand,bokaro,1.0,0.6956521739130435,0.8540776977212053,0.8649189614902747,High
jharkhand,lohardaga,1.0,0.6902173913043479,0.8497191477874034,0.8619809617275254,High
jharkhand,pakur,1.0,0.5652173913043479,0.9561607036243884,0.8564134284786209,High
jharkhand,kodarma,1.0,0.7173913043478262,0.7863981458902556,0.8511368350714245,High
jharkhand,ranchi,1.0,0.641304347826087,0.8406536433952911,0.8445873973664135,High
jharkhand,giridih,1.0,0.4347826086956522,0.973828047487714,0.8225831968550099,High
jharkhand,godda,1.0,0.532608695652174,0.8352327249621117,0.8103524261842857,High
jharkhand,pakaur,1.0,0.40217391304347827,0.9570993534807722,0.8077819799572752,High
jharkhand,palamu,1.0,0.3858695652173913,0.9647694996389014,0.8051917194568878,High
jharkhand,hazaribag,1.0,0.5380434782608696,0.8123622899995815,0.8051217304781354,High
jharkhand,latehar,1.0,0.4076086956521739,0.923379701796225,0.7992965192345197,High
jharkhand,deoghar,1.0,0.3695652173913044,0.9584839185314528,0.7984147407768272,High
jharkhand,dumka,1.0,0.4130434782608696,0.9073184588042549,0.7961085811195373,High
jharkhand,jamtara,1.0,0.3695652173913044,0.9292550799229367,0.7896460891942723,High
jharkhand,khunti,1.0,0.5,0.7923958120227003,0.78771874360681,High
jharkhand,hazaribagh,1.0,0.3389945652173913,0.9460554568986004,0.7855150066347976,High
jharkhand,palamau,1.0,0.3491847826086957,0.9337198232733286,0.7848713817646074,High
jharkhand,ramgarh,1.0,0.3389945652173913,0.9361580292639605,0.7825457783444055,High
jharkhand,east singhbhum,1.0,0.2608695652173913,0.8162461043094005,0.7231347008580375,High
jharkhand,west singhbhum,0.0,0.9021739130434783,0.6961368349385965,0.4794932243946224,Moderate
jharkhand,pashchimi singhbhum,0.0,0.7173913043478262,0.7492219461031753,0.4399839751353004,Moderate
jharkhand,purbi singhbhum,0.0,0.891304347826087,0.5065974801921882,0.41937054840548255,Moderate
jharkhand,gumla,0.0,0.6739130434782609,0.7002902557405803,0.4122609897656524,Moderate
jharkhand,sahibganj,0.0,0.5652173913043479,0.6941453130120173,0.37780881129490956,Low
jharkhand,simdega,0.0,0.5543478260869565,0.6105295658963072,0.3494632175949791,Low
jharkhand,bokaro ,0.0,0.5434782608695652,0.27135597438975023,0.24445027057779461,Low
jharkhand,garhwa ,0.0,0.5,0.30349959726052245,0.24104987917815673,Low
jharkhand,seraikelakharsawan,0.0,0.11956521739130437,0.6326776292926876,0.22567285400519754,Low
jharkhand,east singhbum,0.0,0.5434782608695652,0.0,0.16304347826086954,Low
karnataka,belagavi,1.0,0.6739130434782609,0.8538758700895124,0.858336674070332,High
karnataka,vijayapura,1.0,0.5869565217391305,0.771853434132764,0.8076429867615683,High
karnataka,gadag,1.0,0.5108695652173914,0.8445641200220337,0.8066301055718276,High
karnataka,bagalkot,1.0,0.4211956521739131,0.861189062509113,0.7847154144049078,High
karnataka,belgaum,1.0,0.33695652173913043,0.8415844741450043,0.7535622987652404,High
karnataka,shivamogga,0.0,1.0,0.5760275659027183,0.47280826977081547,Moderate
karnataka,chitradurga,0.0,0.923913043478261,0.6482569261403366,0.47165099088557927,Moderate
karnataka,kolar,0.0,0.8858695652173914,0.6797596244719282,0.4696887569067958,Moderate
karnataka,uttara kannada,0.0,0.8260869565217392,0.7293293947445505,0.4666249053798869,Moderate
karnataka,kodagu,0.0,0.8695652173913044,0.680821332379029,0.46511596493109997,Moderate
karnataka,haveri,0.0,0.8260869565217392,0.7207296707521191,0.46404498818215745,Moderate
karnataka,mandya,0.0,0.9266304347826086,0.6141510155130846,0.462234435088708,Moderate
karnataka,chikkamagaluru,0.0,0.8478260869565217,0.5915422552245632,0.4318105026543254,Moderate
karnataka,chikkaballapur,0.0,0.6521739130434783,0.7418018150695429,0.4181927184339064,Moderate
karnataka,koppal,0.0,0.8967391304347826,0.4826679493244744,0.41382212392777706,Moderate
karnataka,dharwad,0.0,0.5760869565217391,0.748672506782497,0.3974278389912708,Low
karnataka,yadgir,0.0,0.6766304347826086,0.6104878175940489,0.3861354757129972,Low
karnataka,kalaburagi,0.0,0.8369565217391305,0.44236810726006387,0.38379738869975827,Low
karnataka,chamrajanagar,0.0,0.6304347826086957,0.6112224675172462,0.37249717503778257,Low
karnataka,tumkur,0.0,0.6956521739130435,0.5391692602296094,0.3704464302427959,Low
karnataka,haveri ,0.0,0.7173913043478262,0.5131308032894929,0.36915663229119566,Low
karnataka,hasan,0.0,0.6739130434782609,0.5381875398587223,0.36363017500109496,Low
karnataka,chickmagalur,0.0,0.7934782608695652,0.40417246958569,0.3592952191365765,Low
karnataka,ballari,0.0,0.5,0.6598539099861819,0.3479561729958546,Low
karnataka,dakshina kannada,0.0,0.4673913043478261,0.6732022961374308,0.34217808014557705,Low
karnataka,davanagere,0.0,0.391304347826087,0.7244832280956824,0.33473627277653084,Low
karnataka,gadag ,0.0,0.5652173913043479,0.5473577018746227,0.33377252795369117,Low
karnataka,bagalkot ,0.0,0.5869565217391305,0.5255496697508342,0.3337518574469894,Low
karnataka,vijayanagara,0.0,0.5217391304347826,0.5660188653888183,0.3263273987470803,Low
karnataka,mysuru,0.0,0.5543478260869565,0.5317734909618103,0.32583639511463003,Low
karnataka,chamarajanagar ,0.0,0.5923913043478262,0.4909719549329583,0.3250089777842353,Low
karnataka,chamrajnagar,0.0,0.5,0.5667110426609109,0.3200133127982733,Low
karnataka,bengaluru rural,0.0,0.4456521739130435,0.6190054839995518,0.3193972973737786,Low
karnataka,bijapurkar,0.0,0.47010869565217395,0.5699615499299728,0.31202107367464404,Low
karnataka,tumakuru,0.0,0.36413043478260876,0.6709859657678989,0.31053492016515233,Low
karnataka,udupi,0.0,0.21739130434782608,0.7555922259549424,0.2918950590908305,Low
karnataka,chamarajanagar,0.0,0.4130434782608696,0.5566414970154538,0.290905492582897,Low
karnataka,bengaluru urban,0.0,0.6739130434782609,0.28402866715786296,0.28738251319083713,Low
karnataka,bengaluru south,0.0,0.5923913043478262,0.33757233903316125,0.2789890930142962,Low
karnataka,chikmagalur,0.0,0.3695652173913044,0.5570324184296248,0.27797929074627875,Low
karnataka,hassan,0.0,0.3070652173913044,0.5890569334485355,0.26883664525195194,Low
karnataka,ramanagar,0.0,0.41847826086956524,0.4697185819317379,0.26645905284039095,Low
karnataka,davangere,0.0,0.34782608695652173,0.5271173010543405,0.26248301640325866,Low
karnataka,bengaluru,0.0,0.36413043478260876,0.4976178328522903,0.2585244802904697,Low
karnataka,bangalore rural,0.0,0.2907608695652174,0.4543347309096572,0.22352868014246235,Low
karnataka,gulbarga,0.0,0.32608695652173914,0.39923763908398013,0.21759737868171578,Low
karnataka,raichur,0.0,0.2391304347826087,0.4280362695544547,0.200150011301119,Low
karnataka,bidar,0.0,0.08695652173913039,0.5721819865647332,0.19774155249115907,Low
karnataka,ramanagara,0.0,0.5434782608695652,0.0,0.16304347826086954,Low
karnataka,udupi ,0.0,0.28260869565217395,0.2215612253035426,0.15125097628671497,Low
kerala,thiruvananthapuram,0.0,0.9741847826086956,0.4330957241747683,0.4221841520350392,Moderate
kerala,kollam,0.0,0.8804347826086957,0.3551428972609328,0.3706733039608885,Low
kerala,alappuzha,0.0,0.8423913043478262,0.36981985409499407,0.36366334753284607,Low
kerala,idukki,0.0,0.8043478260869565,0.35924773833458884,0.3490786693264636,Low
kerala,kasargod,0.0,0.5923913043478262,0.5114615355866483,0.33115585198034236,Low
kerala,wayanad,0.0,0.5733695652173914,0.5105212402787396,0.32516724164883926,Low
kerala,palakkad,0.0,0.6521739130434783,0.36687502163958235,0.30571468040491817,Low
kerala,pathanamthitta,0.0,0.5149456521739131,0.39766852104095923,0.2737842519644617,Low
kerala,kottayam,0.0,0.33695652173913043,0.3580111158128451,0.20849029126559265,Low
kerala,ernakulam,0.0,0.2608695652173913,0.4330912238777915,0.20818823672855483,Low
kerala,kasaragod,0.0,0.38247282608695654,0.29057762307858304,0.20191513474966188,Low
kerala,kozhikode,0.0,0.32608695652173914,0.3238834825628579,0.19499113172537913,Low
kerala,malappuram,0.0,0.2608695652173913,0.37504698757631183,0.19077496583811093,Low
kerala,kannur,0.0,0.3967391304347826,0.2207920553750354,0.1852593557429454,Low
kerala,thrissur,0.0,0.0,0.36124802534370476,0.10837440760311143,Low
ladakh,leh,1.0,0.5,0.9571333248066841,0.8371399974420053,High
ladakh,kargil,1.0,0.4456521739130435,0.8664054582343448,0.7936172896442166,High
lakshadweep,lakshadweep,0.0,0.1956521739130435,0.405331663818069,0.18029515131933374,Low
madhya pradesh,niwari,1.0,0.5380434782608696,0.7913209890749727,0.7988093402007528,High
madhya pradesh,vidisha,1.0,0.1956521739130435,0.7691215528232,0.6894321180208731,Moderate
madhya pradesh,jabalpur,0.0,0.9021739130434783,0.5596278291244058,0.4385405226503652,Moderate
madhya pradesh,seoni,0.0,0.7391304347826088,0.7046060129606551,0.43312093432297916,Moderate
madhya pradesh,ujjain,0.0,0.8423913043478262,0.5801852246741046,0.4267729587065792,Moderate
madhya pradesh,harda ,0.0,0.8043478260869565,0.5339320883037105,0.40148397431720007,Moderate
madhya pradesh,shivpuri,0.0,0.6086956521739131,0.7077804515794786,0.39494283112601747,Low
madhya pradesh,chhatarpur,0.0,0.7391304347826088,0.5738380111667785,0.3938905337848162,Low
madhya pradesh,dhar,0.0,0.8695652173913044,0.44211804214657996,0.3935049778613653,Low
madhya pradesh,anuppur,0.0,0.8260869565217392,0.48357245689535133,0.3928978240251272,Low
madhya pradesh,balaghat,0.0,0.7934782608695652,0.4767881420146039,0.3810799208652507,Low
madhya pradesh,sheopur,0.0,0.7608695652173914,0.5050816605279694,0.37978536772360827,Low
madhya pradesh,neemuch,0.0,0.6956521739130435,0.5485170190634733,0.37325075789295503,Low
madhya pradesh,bhopal,0.0,0.7173913043478262,0.5075203423046089,0.3674734939957305,Low
madhya pradesh,mandsaur,0.0,0.6086956521739131,0.572120449927781,0.3542448306305082,Low
madhya pradesh,indore,0.0,0.5597826086956522,0.6152754916654288,0.35251743010832426,Low
madhya pradesh,shajapur,0.0,0.6739130434782609,0.4976451312587654,0.3514674524211079,Low
madhya pradesh,khargone,0.0,0.5217391304347826,0.6450863044513371,0.35004763046583587,Low
madhya pradesh,panna,0.0,0.5434782608695652,0.6083181971463347,0.34553893740476993,Low
madhya pradesh,dewas,0.0,0.391304347826087,0.7467812559635821,0.34142568113690075,Low
madhya pradesh,hoshangabad,0.0,0.7608695652173914,0.3713111987942535,0.3396542292034935,Low
madhya pradesh,sidhi,0.0,0.5434782608695652,0.5843558162313607,0.33835022313027774,Low
madhya pradesh,sehore,0.0,0.5652173913043479,0.5498843409701406,0.33453051968234654,Low
madhya pradesh,alirajpur,0.0,0.6086956521739131,0.504683824051694,0.3340138428676821,Low
madhya pradesh,west nimar,0.0,0.5434782608695652,0.5657175999367752,0.3327587582419021,Low
madhya pradesh,chhindwara,0.0,0.6440217391304348,0.45803486486750805,0.3306169811993829,Low
madhya pradesh,tikamgarh,0.0,0.5869565217391305,0.5139280557071072,0.3302653732338713,Low
madhya pradesh,burhanpur,0.0,0.4130434782608696,0.6791121379731534,0.3276466848702069,Low
madhya pradesh,singrauli,0.0,0.5217391304347826,0.5653812991353188,0.3261361288710304,Low
madhya pradesh,guna,0.0,0.4782608695652174,0.5897767576495592,0.320411288164433,Low
madhya pradesh,morena,0.0,0.45652173913043476,0.607843762508106,0.31930965049156224,Low
madhya pradesh,katni,0.0,0.4347826086956522,0.6258792780207035,0.3181985660149067,Low
madhya pradesh,khandwa,0.0,0.4347826086956522,0.6026057746027682,0.31121651498952607,Low
madhya pradesh,narsinghpur,0.0,0.40217391304347827,0.629603392749575,0.30953319173791594,Low
madhya pradesh,rajgarh,0.0,0.5217391304347826,0.5002552112603099,0.3065983025085277,Low
madhya pradesh,barwani,0.0,0.5869565217391305,0.42815680135157924,0.30453399692721295,Low
madhya pradesh,raisen,0.0,0.5869565217391305,0.4209462078660015,0.3023708188815396,Low
madhya pradesh,umaria,0.0,0.2608695652173913,0.7379426887764213,0.2996436761981438,Low
madhya pradesh,mauganj,0.0,0.5190217391304348,0.468915505219167,0.29638117330488056,Low
madhya pradesh,pandhurna,0.0,0.6217391304347826,0.3648062867464346,0.29596362515436514,Low
madhya pradesh,datia,0.0,0.4673913043478261,0.5136317989916133,0.2943069310018318,Low
madhya pradesh,maihar,0.0,0.5434782608695652,0.4345111403998731,0.2933968203808315,Low
madhya pradesh,jhabua,0.0,0.4130434782608696,0.5573702319381205,0.291124113059697,Low
madhya pradesh,bhind,0.0,0.28260869565217395,0.6563134794463455,0.28167665252955587,Low
madhya pradesh,sagar,0.0,0.3695652173913044,0.516082047964951,0.26569417960687663,Low
madhya pradesh,harda,0.0,0.391304347826087,0.47995154566415366,0.26137676804707216,Low
madhya pradesh,ratlam,0.0,0.2608695652173913,0.6043445205938763,0.2595642257433803,Low
madhya pradesh,satna,0.0,0.4130434782608696,0.44410543983154027,0.25714467542772296,Low
madhya pradesh,narmadapuram,0.0,0.4347826086956522,0.4218690174586201,0.2569954878462817,Low
madhya pradesh,dindori,0.0,0.391304347826087,0.4580891990780863,0.25481806407125196,Low
madhya pradesh,gwalior,0.0,0.3586956521739131,0.48744794158160565,0.25384307812665563,Low
madhya pradesh,shahdol,0.0,0.31521739130434784,0.513393300224593,0.24858320745868223,Low
madhya pradesh,mandla,0.0,0.4782608695652174,0.33981831669489226,0.2454237558780329,Low
madhya pradesh,ashoknagar,0.0,0.5434782608695652,0.2713559743897503,0.24445027057779461,Low
madhya pradesh,rewa,0.0,0.2608695652173913,0.5420212598024468,0.2408672475059514,Low
madhya pradesh,narsimhapur,0.0,0.20652173913043476,0.5877478140495681,0.23828086595400083,Low
madhya pradesh,ashok nagar,0.0,0.391304347826087,0.36720320157855457,0.22755226482139246,Low
madhya pradesh,east nimar,0.0,0.1956521739130435,0.5246605766825169,0.2160938251786681,Low
madhya pradesh,betul,0.0,0.1956521739130435,0.4959343617199975,0.20747596068991228,Low
madhya pradesh,damoh,0.0,0.21739130434782608,0.4582624113020839,0.202696114694973,Low
madhya pradesh,agar malwa,0.0,0.15217391304347824,0.417579951298071,0.17092615930246477,Low
maharashtra,hingoli,1.0,0.7771739130434784,0.9211802090924445,0.9095062366407768,High
maharashtra,buldhana,1.0,0.7608695652173914,0.8870065868634157,0.8943628456242421,High
maharashtra,washim,1.0,0.7228260869565217,0.845443061795665,0.8704807446256559,High
maharashtra,nanded,1.0,0.6521739130434783,0.9156545608739954,0.8703485421752422,High
maharashtra,gondiya,1.0,0.6168478260869565,0.8789766076346613,0.8487473301164854,High
maharashtra,raigarh,1.0,0.6847826086956522,0.770910873753594,0.8367080447347739,High
maharashtra,ahmed nagar,1.0,0.5652173913043479,0.8837867414193549,0.8347012398171109,High
maharashtra,gadchiroli,1.0,0.5652173913043479,0.8599723733314631,0.8275569293907433,High
maharashtra,yavatmal,1.0,0.5027173913043478,0.8992810688334446,0.8205995380413378,High
maharashtra,buldana,1.0,0.40217391304347827,0.9817078819629038,0.8151645385019146,High
maharashtra,sindhudurg,1.0,0.5217391304347826,0.8497400843614031,0.8114437644388557,High
maharashtra,bid,1.0,0.47622282608695654,0.8837544710641244,0.8079931891453243,High
maharashtra,ratnagiri,1.0,0.516304347826087,0.796447621886166,0.7938255909136759,High
maharashtra,chandrapur,1.0,0.37703804347826086,0.8938146984539054,0.7812558225796499,High
maharashtra,parbhani,1.0,0.44021739130434784,0.8144257882435448,0.7763929538643677,High
maharashtra,ahmednagar,1.0,0.3695652173913044,0.8501415527891741,0.7659120310541436,High
maharashtra,solapur,1.0,0.3206521739130435,0.8451570235454875,0.7497427592375594,High
maharashtra,osmanabad,1.0,0.27717391304347827,0.7880745652436785,0.719574543486147,High
maharashtra,beed,0.0,0.9565217391304349,0.6279531530792372,0.47534246766290156,Moderate
maharashtra,nandurbar,0.0,0.8043478260869565,0.7413628393786483,0.46371319963968144,Moderate
maharashtra,akola,0.0,0.8260869565217392,0.6431339143326389,0.4407662612563134,Moderate
maharashtra,bhandara,0.0,0.6793478260869565,0.762934694171799,0.4326847560776267,Moderate
maharashtra,aurangabad,0.0,0.7445652173913043,0.6729616877040038,0.4252580715285924,Moderate
maharashtra,wardha,0.0,0.6684782608695652,0.6289907035746559,0.3892406893332663,Low
maharashtra,jalna,0.0,0.6630434782608696,0.633530302524853,0.38897213423571675,Low
maharashtra,latur,0.0,0.7173913043478262,0.5744121044852264,0.38754102264991575,Low
maharashtra,satara,0.0,0.6684782608695652,0.6226436353887853,0.3873365688775051,Low
maharashtra,amravati,0.0,0.7065217391304348,0.5710945016447546,0.3832848722325568,Low
maharashtra,mumbai,0.0,0.8695652173913044,0.38299128050936093,0.37576694937019955,Low
maharashtra,dharashiv,0.0,0.6304347826086957,0.6040191668151191,0.3703361848271444,Low
maharashtra,chhatrapati sambhajinagar,0.0,0.6304347826086957,0.5373568246977379,0.35033748219193006,Low
maharashtra,palghar,0.0,0.6739130434782609,0.4922381666127214,0.3498453630272947,Low
maharashtra,dhule,0.0,0.5543478260869565,0.6106529360634089,0.34950022864510966,Low
maharashtra,washim ,0.0,0.6046195652173914,0.5525624969095959,0.34715461863809616,Low
maharashtra,mumbai suburban,0.0,0.5869565217391305,0.5654909555909818,0.3457342431990337,Low
maharashtra,raigarhmh,0.0,0.6596467391304348,0.49254117418907817,0.34565637399585386,Low
maharashtra,gondia,0.0,0.5679347826086957,0.5699449108457392,0.34136390803633043,Low
maharashtra,mumbai sub urban ,0.0,0.6086956521739131,0.4968459017826714,0.33166246618697537,Low
maharashtra,jalgaon,0.0,0.5,0.5994098621294215,0.32982295863882644,Low
maharashtra,gondiya ,0.0,0.53125,0.5490432519786432,0.3240879755935929,Low
maharashtra,nandurbar ,0.0,0.5679347826086957,0.4897404080074781,0.3173025571848521,Low
maharashtra,raigad,0.0,0.6304347826086957,0.42389978743708556,0.3163003710137343,Low
maharashtra,kolhapur,0.0,0.3315217391304348,0.7038568306592023,0.3106135709368911,Low
maharashtra,chatrapati sambhaji nagar,0.0,0.3586956521739131,0.6574555564037595,0.30484536257330175,Low
maharashtra,mumbai city,0.0,0.3695652173913044,0.6252359420462338,0.29844034783126144,Low
maharashtra,pune,0.0,0.4782608695652174,0.4815982415908347,0.2879577333468156,Low
maharashtra,sangli,0.0,0.2717391304347826,0.6635277665638012,0.2805800690995751,Low
maharashtra,nashik,0.0,0.18851902173913043,0.6494568706595285,0.2513927677195977,Low
maharashtra,nagpur,0.0,0.28260869565217395,0.49029727477986107,0.2318717911296105,Low
maharashtra,thane,0.0,0.14130434782608697,0.4870413416519878,0.18850370684342244,Low
maharashtra,ahilyanagar,0.0,0.5434782608695652,0.0,0.16304347826086954,Low
maharashtra,dist thane,0.0,0.5434782608695652,0.0,0.16304347826086954,Low
maharashtra,hingoli ,0.0,0.5434782608695652,0.0,0.16304347826086954,Low
manipur,imphal west,1.0,0.7173913043478262,0.914258212267454,0.889494854984584,High
manipur,churachandpur,1.0,0.7717391304347827,0.7907308257263859,0.8687409868483507,High
manipur,tamenglong,1.0,0.5543478260869565,0.9768267861554368,0.8593523836727179,High
manipur,bishnupur,1.0,0.6521739130434783,0.8645339638370574,0.8550123630641606,High
manipur,thoubal,1.0,0.5597826086956522,0.7977727867726305,0.8072666186404849,High
manipur,chandel,1.0,0.5,0.85747067004138,0.807241201012414,High
manipur,ukhrul,1.0,0.4347826086956522,0.8918912334964194,0.7980021526576215,High
manipur,senapati,1.0,0.41847826086956524,0.8596243625922342,0.7834307870385397,High
manipur,imphal east,0.0,0.6770125679347826,0.7270718599197561,0.4212253283563616,Moderate
manipur,jiribam,0.0,0.8695652173913044,0.4715068366663088,0.4023216162172839,Moderate
manipur,kakching,0.0,0.5815217391304348,0.6423068880365881,0.36714858815010687,Low
manipur,pherzawl,0.0,0.4456521739130435,0.43085043370960907,0.2629507822867958,Low
meghalaya,south west khasi hills,1.0,0.5,0.797686622198425,0.7893059866595276,High
meghalaya,north garo hills,0.0,0.7391304347826088,0.7125911011759337,0.43551646078756273,Moderate
meghalaya,east khasi hills,0.0,0.7173913043478262,0.5970351960551327,0.3943279501208876,Low
meghalaya,west khasi hills,0.0,0.7173913043478262,0.5766944295072141,0.388225720156512,Low
meghalaya,west garo hills,0.0,0.7173913043478262,0.557187138022792,0.3823735327111854,Low
meghalaya,south west garo hills,0.0,0.4130434782608696,0.7347909499740939,0.3443503284704891,Low
meghalaya,west jaintia hills,0.0,0.6304347826086957,0.5009233074575701,0.3394074270198797,Low
meghalaya,ri bhoi,0.0,0.6739130434782609,0.44958755118673494,0.33705017839949875,Low
meghalaya,south garo hills,0.0,0.4782608695652174,0.6401872201961144,0.3355344269283995,Low
meghalaya,jaintia hills,0.0,0.5434782608695652,0.5662819439714903,0.3329280614523166,Low
meghalaya,eastern west khasi hills,0.0,0.5923913043478262,0.4531255840730841,0.31365506652627306,Low
meghalaya,east jaintia hills,0.0,0.4347826086956522,0.5241085359813932,0.2876673434031136,Low
meghalaya,east garo hills,0.0,0.28260869565217395,0.5461677540312142,0.24863293490501645,Low
meghalaya,kamrup,0.0,0.5434782608695652,0.0,0.16304347826086954,Low
mizoram,lunglei,1.0,0.6956521739130435,0.9653390175292708,0.8982973574326942,High
mizoram,serchhip,1.0,0.5869565217391305,0.9959375772799738,0.8748682297057313,High
mizoram,saiha,1.0,0.5652173913043479,0.9492352082129507,0.8543357798551896,High
mizoram,lawngtlai,1.0,0.6630434782608696,0.8108473711260751,0.8421672548160835,High
mizoram,mamit,1.0,0.5434782608695652,0.9079397121263871,0.8354253918987857,High
mizoram,aizawl,1.0,0.4456521739130435,0.9970676717664191,0.8328159537038389,High
mizoram,champhai,1.0,0.5,0.9325928720631879,0.8297778616189564,High
mizoram,kolasib,1.0,0.5108695652173914,0.9167475493664499,0.8282851343751525,High
mizoram,mammit,1.0,0.5,0.905258250694004,0.8215774752082012,High
mizoram,saitual,0.0,0.7391304347826088,0.495425960956868,0.370366918721843,Low
mizoram,khawzawl,0.0,0.5434782608695652,0.4772150680200639,0.30620799866688875,Low
mizoram,hnahthial,0.0,0.5434782608695652,0.22156122530354266,0.22951184585193235,Low
nagaland,wokha,1.0,0.6956521739130435,0.8140371376588477,0.8529067934715674,High
nagaland,zunheboto,1.0,0.5869565217391305,0.8210719790153246,0.8224085502263365,High
nagaland,kiphire,1.0,0.5652173913043479,0.8227348524795325,0.8163856731351642,High
nagaland,niuland,1.0,0.47360248447204967,0.8150703273228931,0.7866018435384827,High
nagaland,noklak,0.0,0.7255434782608695,0.6651255608223327,0.41720071172496065,Moderate
nagaland,longleng,0.0,0.6847826086956522,0.658800606591053,0.40307496458601155,Moderate
nagaland,dimapur,0.0,0.6739130434782609,0.6076313573501517,0.3844633202485238,Low
nagaland,phek,0.0,0.5434782608695652,0.6464759514547491,0.35698626369729425,Low
nagaland,mon,0.0,0.4347826086956522,0.6833653650836419,0.3354443921337882,Low
nagaland,tseminyu,0.0,0.5271739130434783,0.5798852359376425,0.3321177446943362,Low
nagaland,meluri,0.0,0.641304347826087,0.43849254599764914,0.3239390681471208,Low
nagaland,chumukedima,0.0,0.45108695652173914,0.6211472514098285,0.3216702623794703,Low
nagaland,shamator,0.0,0.3869565217391304,0.6731766381105352,0.31803994795489965,Low
nagaland,kohima,0.0,0.4130434782608696,0.47333920444742467,0.2659148048124883,Low
nagaland,mokokchung,0.0,0.3695652173913044,0.46373827409049173,0.24999104744453882,Low
nagaland,peren,0.0,0.2391304347826087,0.5599269927536977,0.23971722826089192,Low
nagaland,tuensang,0.0,0.33695652173913043,0.42011719915616624,0.227122116268589,Low
odisha,ganjam,1.0,0.8369565217391305,0.8467425085364287,0.9051097090826679,High
odisha,dhenkanal,1.0,0.8478260869565217,0.7970213170342079,0.8934542211972188,High
odisha,sambalpur,1.0,0.75,0.8941844448727709,0.8932553334618313,High
odisha,malkangiri,1.0,0.7608695652173914,0.8637713052666631,0.8873922611452163,High
odisha,sundergarh,1.0,0.75,0.8608546712675952,0.8832564013802786,High
odisha,kalahandi,1.0,0.7065217391304348,0.8710639697053095,0.8732757126507233,High
odisha,jharsuguda,1.0,0.7065217391304348,0.8690269420956273,0.8726646043678187,High
odisha,jagatsinghapur,1.0,0.6630434782608696,0.852903634774723,0.8547841339106779,High
odisha,kendrapara,1.0,0.625,0.8850463992670267,0.853013919780108,High
odisha,mayurbhanj,1.0,0.6086956521739131,0.8656491997324703,0.842303455571915,High
odisha,sonapur,1.0,0.5869565217391305,0.8213983125687299,0.822506450292358,High
odisha,nabarangapur,1.0,0.6086956521739131,0.7945913060984529,0.8209860874817098,High
odisha,balangir,1.0,0.5869565217391305,0.8066007513483179,0.8180671819262345,High
odisha,baleswar,1.0,0.5434782608695652,0.8418293211258439,0.8155922745986226,High
odisha,rayagada,1.0,0.5434782608695652,0.8313589933809217,0.8124511762751461,High
odisha,kendujhar,1.0,0.4347826086956522,0.915590830723374,0.8051120318257079,High
odisha,jajpur,1.0,0.5217391304347826,0.8129181832931771,0.800397194118388,High
odisha,kandhamal,1.0,0.42391304347826086,0.8546202168524735,0.7835599780992203,High
odisha,gajapati,1.0,0.34782608695652173,0.8890006248436444,0.7710480135400498,High
odisha,subarnapur,1.0,0.3695652173913044,0.8057034569107315,0.7525806022906107,High
odisha,koraput,1.0,0.34782608695652173,0.8273636279438227,0.7525569144701033,High
odisha,khorda,1.0,0.34782608695652173,0.8270602831893873,0.7524659110437727,High
odisha,debagarh,1.0,0.11413043478260865,0.8111795183566974,0.6775929859417918,Moderate
odisha,nuapada,0.0,0.8532608695652174,0.5737360415089791,0.42809907332225894,Moderate
odisha,angul,0.0,0.6114130434782609,0.7558415022136021,0.41017636370755883,Moderate
odisha,puri,0.0,0.5869565217391305,0.7655054719348179,0.4057385981021845,Moderate
odisha,nayagarh,0.0,0.5,0.7643932650787121,0.37931797952361357,Low
odisha,jajapur,0.0,0.5108695652173914,0.7525265393115516,0.37901883135868286,Low
odisha,anugul,0.0,0.5217391304347826,0.7404713445943322,0.37866314250873445,Low
odisha,baudh,0.0,0.5543478260869565,0.7073259009642561,0.3785021181153638,Low
odisha,bhadrak,0.0,0.5869565217391305,0.6611878741009256,0.3744433187520168,Low
odisha,bargarh,0.0,0.48777173913043476,0.7582725042107779,0.3738132730023638,Low
odisha,sundargarh,0.0,0.6956521739130435,0.5175519078181793,0.3639612245193668,Low
odisha,cuttack,0.0,0.4782608695652174,0.7289218793114787,0.36215482466300886,Low
odisha,anugal,0.0,0.5434782608695652,0.5756329488194266,0.33573336290669753,Low
odisha,jagatsinghpur,0.0,0.32608695652173914,0.7033913911105727,0.30884350428969354,Low
odisha,baleshwar,0.0,0.33695652173913043,0.6734445589107444,0.30312032419496243,Low
odisha,boudh,0.0,0.21739130434782608,0.7283074136713699,0.2837096154057588,Low
odisha,khordha,0.0,0.32608695652173914,0.5892682058622106,0.2746065487151849,Low
odisha,anugul ,0.0,0.5434782608695652,0.0,0.16304347826086954,Low
odisha,bhadrakr,0.0,0.5434782608695652,0.0,0.16304347826086954,Low
odisha,jajapur ,0.0,0.5434782608695652,0.0,0.16304347826086954,Low
odisha,kendrapara ,0.0,0.5434782608695652,0.0,0.16304347826086954,Low
odisha,khordha ,0.0,0.5434782608695652,0.0,0.16304347826086954,Low
odisha,nabarangpur,0.0,0.5434782608695652,0.0,0.16304347826086954,Low
puducherry,karaikal,1.0,0.7445652173913043,0.7693370992752023,0.8541706949999519,High
puducherry,yanam,0.0,0.6183763586956522,0.5046486241126259,0.3369074948424834,Low
puducherry,pondicherry,0.0,0.39945652173913043,0.7204068509754518,0.33595901181437465,Low
puducherry,puducherry,0.0,0.4673913043478261,0.5727277708236669,0.31203572255144785,Low
puducherry,viluppuram,0.0,0.5434782608695652,0.38375529921295104,0.27817006802475486,Low
puducherry,cuddalore,0.0,0.28260869565217395,0.2215612253035426,0.15125097628671497,Low
punjab,malerkotla,1.0,0.6521739130434783,0.78757457128806,0.8319245452994615,High
punjab,sri muktsar sahib,1.0,0.45108695652173914,0.809263271349227,0.7781050683612898,High
punjab,mansa,1.0,0.45652173913043476,0.7842200879290017,0.7722225481178309,High
punjab,jalandhar,1.0,0.4211956521739131,0.7732171540529374,0.7583238418680551,High
punjab,patiala,0.0,0.8478260869565217,0.5768790015552981,0.427411526553546,Moderate
punjab,rupnagar,0.0,0.8260869565217392,0.5951251174633118,0.42636362219551527,Moderate
punjab,ferozepur,0.0,0.6521739130434783,0.7216291959693332,0.41214093270384344,Moderate
punjab,faridkot,0.0,0.6195652173913043,0.7439926888797629,0.40906737188132014,Moderate
punjab,fatehgarh sahib,0.0,0.8043478260869565,0.5473767977448811,0.4055173871495513,Moderate
punjab,pathankot,0.0,0.75,0.596132469350773,0.4038397408052319,Moderate
punjab,muktsar,0.0,0.9347826086956522,0.3924700866490623,0.39817580860341434,Low
punjab,sas nagar mohali,0.0,0.6304347826086957,0.6910021543017228,0.3964310810731255,Low
punjab,tarn taran,0.0,0.5869565217391305,0.6274717341420613,0.36432847676435753,Low
punjab,kapurthala,0.0,0.7173913043478262,0.46592886288849034,0.3549960501708949,Low
punjab,firozpur,0.0,0.6521739130434783,0.509483374375252,0.3484971862256191,Low
punjab,gurdaspur,0.0,0.4782608695652174,0.6700711961610109,0.34449961971786847,Low
punjab,shaheed bhagat singh nagar,0.0,0.5869565217391305,0.5026994621537799,0.3268967951678731,Low
punjab,sas nagarmohali,0.0,0.5434782608695652,0.4992692639196389,0.31282425743676123,Low
punjab,fazilka,0.0,0.4347826086956522,0.6079139716464276,0.3128089741026239,Low
punjab,ludhiana,0.0,0.42391304347826086,0.594350044203468,0.30547892630451867,Low
punjab,bathinda,0.0,0.41847826086956524,0.5713382286205309,0.2969449468470288,Low
punjab,sangrur,0.0,0.2608695652173913,0.6945716208782813,0.2866323558287017,Low
punjab,amritsar,0.0,0.42391304347826086,0.5239008081999128,0.28434415550345205,Low
punjab,barnala,0.0,0.22826086956521738,0.7124184475861394,0.28220379514540705,Low
punjab,hoshiarpur,0.0,0.3695652173913044,0.5490262407924414,0.27557743745512375,Low
punjab,moga,0.0,0.3423913043478261,0.4890571059285004,0.24943452308289793,Low
punjab,sas nagar,0.0,0.5434782608695652,0.2713559743897503,0.24445027057779461,Low
punjab,nawanshahr,0.0,0.4260869565217391,0.32322227496378914,0.22479276944565846,Low
rajasthan,udaipur,1.0,0.7445652173913043,0.8708752687020348,0.8846321458280018,High
rajasthan,chittorgarh,1.0,0.7391304347826088,0.864995048811263,0.8812376450781616,High
rajasthan,bhilwara,1.0,0.6684782608695652,0.8289211982005912,0.8492198377210469,High
rajasthan,rajsamand,1.0,0.6521739130434783,0.8342157911258704,0.8459169112508046,High
rajasthan,jhalawar,1.0,0.6277173913043478,0.8516710042047115,0.8438165186527178,High
rajasthan,baran,1.0,0.5461956521739131,0.8587178251765717,0.8214740432051455,High
rajasthan,dungarpur,1.0,0.43750000000000006,0.9350530947011743,0.8117659284103522,High
rajasthan,bundi,1.0,0.5203804347826088,0.7698453419397652,0.7870677330167122,High
rajasthan,kota,1.0,0.45652173913043476,0.8068451475536632,0.7790100660052294,High
rajasthan,ganganagar,1.0,0.4904891304347826,0.7726431371147674,0.7789396802648649,High
rajasthan,dholpur,1.0,0.4130434782608696,0.8337721588778068,0.7740446911416028,High
rajasthan,banswara,1.0,0.3804347826086956,0.8447689120553104,0.7675611083992018,High
rajasthan,jalor,1.0,0.37228260869565216,0.8451798983576277,0.765238752115984,High
rajasthan,jodhpur,0.0,0.8043478260869565,0.7511182064505034,0.466639809761238,Moderate
rajasthan,ajmer,0.0,0.7065217391304348,0.7389516361480799,0.4336420125835544,Moderate
rajasthan,tonk,0.0,0.7173913043478262,0.7272152027500849,0.4333819521293733,Moderate
rajasthan,nagaur,0.0,0.7173913043478262,0.712817882402185,0.4290627560250033,Moderate
rajasthan,pali,0.0,0.7717391304347827,0.6251051608074017,0.41905328737265535,Moderate
rajasthan,dausa,0.0,0.6372282608695652,0.7030583531405514,0.402085984203035,Moderate
rajasthan,hanumangarh,0.0,0.5815217391304348,0.7533933522435899,0.4004745274122074,Moderate
rajasthan,jhunjhunun,0.0,0.7370923913043479,0.5978119785803409,0.4004713109654066,Moderate
rajasthan,barmer,0.0,0.6304347826086957,0.6995182343747174,0.3989859050950239,Low
rajasthan,bikaner,0.0,0.6494565217391305,0.6515849886999495,0.39031245313172397,Low
rajasthan,sirohi,0.0,0.7472826086956522,0.5216356634004953,0.38067548162884424,Low
rajasthan,bharatpur,0.0,0.5652173913043479,0.7011953535083213,0.3799238234438007,Low
rajasthan,jaisalmer,0.0,0.6521739130434783,0.5363207624881597,0.3565484026594914,Low
rajasthan,alwar,0.0,0.5054347826086957,0.6756458302437431,0.3543241838557316,Low
rajasthan,sawai madhopur,0.0,0.5067934782608696,0.6684908274002404,0.35258529169833297,Low
rajasthan,churu,0.0,0.5402513586956522,0.605932752981556,0.3438552335031625,Low
rajasthan,pratapgarh,0.0,0.532608695652174,0.6011149617538257,0.3401170972217999,Low
rajasthan,karauli,0.0,0.3841711956521739,0.7438968952043116,0.3384204272569456,Low
rajasthan,jhunjhunu,0.0,0.5869565217391305,0.5398945571648212,0.3380553236711855,Low
rajasthan,dhaulpur,0.0,0.5336956521739131,0.563058972307065,0.32902638734429346,Low
rajasthan,chittaurgarh,0.0,0.45652173913043476,0.6182834853983676,0.3224415673586407,Low
rajasthan,sikar,0.0,0.34782608695652173,0.6274152302604508,0.29257239516509176,Low
rajasthan,jaipur,0.0,0.3695652173913044,0.5677086783565854,0.28118216872436697,Low
rajasthan,deeg,0.0,0.4945652173913044,0.3479294209912018,0.2527483915147518,Low
rajasthan,balotra,0.0,0.5434782608695652,0.27135597438975023,0.24445027057779461,Low
rajasthan,beawar,0.0,0.5434782608695652,0.27135597438975023,0.24445027057779461,Low
rajasthan,didwanakuchaman,0.0,0.5434782608695652,0.2713559743897503,0.24445027057779461,Low
rajasthan,khairthaltijara,0.0,0.5434782608695652,0.2713559743897503,0.24445027057779461,Low
rajasthan,kotputlibehror,0.0,0.5434782608695652,0.2713559743897503,0.24445027057779461,Low
rajasthan,phalodi,0.0,0.5434782608695652,0.2713559743897503,0.24445027057779461,Low
rajasthan,salumbar,0.0,0.5434782608695652,0.2713559743897503,0.24445027057779461,Low
rajasthan,jalore,0.0,0.31521739130434784,0.41717627873279234,0.21971810101114203,Low
sikkim,west sikkim,1.0,0.6521739130434783,0.8399336301870235,0.8476322629691505,High
sikkim,west,1.0,0.5869565217391305,0.8230713300281776,0.8230083555301924,High
sikkim,south sikkim,1.0,0.6086956521739131,0.8003775362561448,0.8227219565290174,High
sikkim,south,1.0,0.6086956521739131,0.7831594550588388,0.8175565321698255,High
sikkim,north,0.0,0.7595108695652175,0.5711487118719788,0.3991978744311589,Low
sikkim,east sikkim,0.0,0.6243206521739131,0.6987337918539528,0.39691633320835973,Low
sikkim,north sikkim,0.0,0.5411005434782609,0.6779171599526977,0.3657053110292876,Low
sikkim,east,0.0,0.3586956521739131,0.734875084136015,0.3280712208929784,Low
sikkim,mangan,0.0,0.4456521739130435,0.48705558925696796,0.27981232895100344,Low
sikkim,namchi,0.0,0.5190217391304348,0.3530192482791658,0.2616122962228802,Low
tamil nadu,dindigul,1.0,0.8804347826086957,0.7885750876678337,0.9007029610829588,High
tamil nadu,tiruvannamalai,1.0,0.7173913043478262,0.8903904906761376,0.8823345385071891,High
tamil nadu,ariyalur,1.0,0.7173913043478262,0.8624518339328695,0.8739529414842087,High
tamil nadu,tirunelveli,1.0,0.6739130434782609,0.7892911121834366,0.8389612466985092,High
tamil nadu,thanjavur,1.0,0.6521739130434783,0.8077389496988578,0.8379738588227008,High
tamil nadu,salem,1.0,0.5869565217391305,0.8221158712051442,0.8227217178832824,High
tamil nadu,tiruvallur,1.0,0.5923913043478262,0.7741068476214112,0.8099494455907712,High
tamil nadu,dharmapuri,1.0,0.5217391304347826,0.8201434791562843,0.80256478287732,High
tamil nadu,kanniyakumari,1.0,0.40217391304347827,0.7734387661388631,0.7526838037547025,High
tamil nadu,thoothukkudi,1.0,0.34782608695652173,0.7800330834697669,0.7383577511278865,High
tamil nadu,theni,1.0,0.25,0.7845159817262558,0.7103547945178768,High
tamil nadu,ramanathapuram,0.0,0.8586956521739132,0.7414830066478639,0.4800535976465331,Moderate
tamil nadu,viluppuram,0.0,0.9565217391304349,0.6225235686121507,0.47371359232277566,Moderate
tamil nadu,madurai,0.0,0.7880434782608696,0.7611949000568313,0.46477151349531026,Moderate
tamil nadu,kallakurichi,0.0,0.7391304347826088,0.7583111071383984,0.4492324625763021,Moderate
tamil nadu,tiruppur,0.0,0.8641304347826086,0.6237518653102337,0.44636469002785273,Moderate
tamil nadu,kancheepuram,0.0,0.7717391304347827,0.7051523842284271,0.4430674543989629,Moderate
tamil nadu,krishnagiri,0.0,0.7173913043478262,0.758871780608781,0.44287892548698216,Moderate
tamil nadu,tiruchirappalli,0.0,0.7004076086956522,0.6888464978430179,0.416776231961601,Moderate
tamil nadu,coimbatore,0.0,0.7065217391304348,0.6795770868117964,0.41582964778266934,Moderate
tamil nadu,villupuram,0.0,0.7255434782608695,0.6557054138654944,0.4143746676379092,Moderate
tamil nadu,chennai,0.0,0.6086956521739131,0.7087084164407895,0.3952212205844108,Low
tamil nadu,tirupattur,0.0,0.6521739130434783,0.6617866806644032,0.3941881781123644,Low
tamil nadu,the nilgiris,0.0,0.7608695652173914,0.5346801281450276,0.38866490800872566,Low
tamil nadu,erode,0.0,0.6086956521739131,0.6719142813945068,0.384182980070526,Low
tamil nadu,sivaganga,0.0,0.6086956521739131,0.6462743248566976,0.3764909931091832,Low
tamil nadu,pudukkottai,0.0,0.5869565217391305,0.6419697805758444,0.36867789069449247,Low
tamil nadu,kanchipuram,0.0,0.5434782608695652,0.6839171353658438,0.3682186188706227,Low
tamil nadu,ranipet,0.0,0.5434782608695652,0.6700525219685473,0.3640592348514337,Low
tamil nadu,tenkasi,0.0,0.6739130434782609,0.48881122935222765,0.3488172818491465,Low
tamil nadu,namakkal,0.0,0.6304347826086957,0.5277827342386352,0.34746525505419923,Low
tamil nadu,karur,0.0,0.4347826086956522,0.688003576228813,0.3368358554773395,Low
tamil nadu,vellore,0.0,0.4347826086956522,0.6848312835472129,0.3358841676728595,Low
tamil nadu,perambalur,0.0,0.6032608695652174,0.5002009577904915,0.33103854820671264,Low
tamil nadu,tirupathur,0.0,0.5434782608695652,0.5287370094015096,0.3216645810813224,Low
tamil nadu,chengalpattu,0.0,0.5,0.5703722667370458,0.32111168002111373,Low
tamil nadu,kanyakumari,0.0,0.45652173913043476,0.5638152722758555,0.30610110342188707,Low
tamil nadu,thiruvallur,0.0,0.45652173913043476,0.5454102750680416,0.3005796042595429,Low
tamil nadu,nagapattinam,0.0,0.5217391304347826,0.47965742469714795,0.3004189665395791,Low
tamil nadu,virudhunagar,0.0,0.4076086956521739,0.5748389630045836,0.29473429759702724,Low
tamil nadu,cuddalore,0.0,0.28260869565217395,0.6839912691773615,0.2899799894488606,Low
tamil nadu,tuticorin,0.0,0.5434782608695652,0.38375529921295104,0.27817006802475486,Low
tamil nadu,tiruvarur,0.0,0.4130434782608696,0.4431224506070852,0.25684977866038644,Low
tamil nadu,mayiladuthurai,0.0,0.3695652173913044,0.4693931664278902,0.2516875151457584,Low
tamil nadu,thiruvarur,0.0,0.2391304347826087,0.5753540111685504,0.24434533378534773,Low
telangana,narayanpet,1.0,0.6331521739130436,0.8139407141264473,0.8341278664118472,High
telangana,jangoan,1.0,0.6521739130434783,0.7878078576756645,0.8319945312157428,High
telangana,yadadri,1.0,0.6385869565217391,0.770327841589809,0.8226744394334644,High
telangana,jayashankar bhupalpally,1.0,0.47282608695652173,0.7853915887399024,0.7774653027089273,High
telangana,warangal rural,1.0,0.42391304347826086,0.7786813621837435,0.7607783216986013,High
telangana,vikarabad,1.0,0.3342391304347826,0.8340902292404284,0.7504988079025633,High
telangana,siddipet,0.0,0.6956521739130435,0.7494266677048431,0.43352365248536595,Moderate
telangana,rangareddy,0.0,0.6902173913043479,0.7374623907349863,0.4283039346118003,Moderate
telangana,medchalmalkajgiri,0.0,0.6739130434782609,0.7133040611922651,0.41616513140115774,Moderate
telangana,hanumakonda,0.0,0.6548913043478262,0.6531320077975844,0.3924069936436232,Low
telangana,nizamabad,0.0,0.657608695652174,0.648167342245179,0.3917328113692059,Low
telangana,bhadradri kothagudem,0.0,0.6847826086956522,0.6096962627786722,0.3883436614422973,Low
telangana,karimnagar,0.0,0.657608695652174,0.6335546919044496,0.38734901626698703,Low
telangana,peddapalli,0.0,0.5217391304347826,0.7521601630890397,0.38216978805714663,Low
telangana,mahabubnagar,0.0,0.6847826086956522,0.5514147266058149,0.37085920059044014,Low
telangana,kamareddy,0.0,0.6956521739130435,0.5211733577261947,0.3650476594917714,Low
telangana,nagarkurnool,0.0,0.5910326086956521,0.6223899871964499,0.36402677876763057,Low
telangana,warangal urban,0.0,0.6739130434782609,0.5378853559104472,0.36353951981661237,Low
telangana,wanaparthy,0.0,0.5292119565217391,0.6728676682244421,0.3606238874238544,Low
telangana,jangaon,0.0,0.6315217391304349,0.5050187996780049,0.3409621616425319,Low
telangana,komaram bheem,0.0,0.5869565217391305,0.537218072431054,0.33725237825105536,Low
telangana,mulugu,0.0,0.4347826086956522,0.6870370627546694,0.33654590143509644,Low
telangana,hyderabad,0.0,0.5,0.6151726234073668,0.33455178702221,Low
telangana,suryapet,0.0,0.4456521739130435,0.6690256445446162,0.3344033455372979,Low
telangana,nirmal,0.0,0.4782608695652174,0.6216922870643518,0.32998594698887074,Low
telangana,medak,0.0,0.5923913043478262,0.504853105712648,0.3291733230181422,Low
telangana,adilabad,0.0,0.6155740489130436,0.41541198055431583,0.3092958088402078,Low
telangana,kv rangareddy,0.0,0.40828804347826086,0.5923996165704298,0.3002062980146072,Low
telangana,jogulamba gadwal,0.0,0.3695652173913044,0.6213590697295248,0.29727728613624876,Low
telangana,mancherial,0.0,0.5,0.4692046740297475,0.2907614022089242,Low
telangana,jagitial,0.0,0.4347826086956522,0.5246834322515922,0.2878398122841733,Low
telangana,rajanna sircilla,0.0,0.32608695652173914,0.616072781908841,0.282647921529174,Low
telangana,mahabubabad,0.0,0.34782608695652173,0.5577927657086325,0.27168565579954623,Low
telangana,sangareddy,0.0,0.3559782608695652,0.5101554897878748,0.259840125197232,Low
telangana,medchal malkajgiri,0.0,0.5434782608695652,0.27135597438975023,0.24445027057779461,Low
telangana,khammam,0.0,0.31521739130434784,0.4828372109816299,0.2394163806857933,Low
telangana,nalgonda,0.0,0.1684782608695652,0.5778959531607166,0.22391226420908453,Low
telangana,ranga reddy,0.0,0.5434782608695652,0.0,0.16304347826086954,Low
telangana,warangal,0.0,0.16304347826086957,0.35690236376537615,0.15598375260787373,Low
tripura,gomati,1.0,0.7567934782608696,0.9254694018072277,0.9046788640204292,High
tripura,north tripura,1.0,0.8165760869565217,0.8489767956320136,0.8996658647765605,High
tripura,sepahijala,1.0,0.7173913043478262,0.8290933835297922,0.8639454063632854,High
tripura,khowai,1.0,0.6739130434782609,0.8709229618614349,0.8634508016019087,High
tripura,south tripura,1.0,0.6141304347826088,0.9158676701781862,0.8589994314882385,High
tripura,west tripura,1.0,0.3695652173913044,0.9018380624774194,0.7814209839606172,High
tripura,dhalai,1.0,0.28804347826086957,0.8660082840008204,0.746215528678507,High
tripura,unakoti,0.0,0.6222826086956522,0.715737090453813,0.4014059097448396,Moderate
tripura,dhalai ,0.0,0.7608695652173914,0.4778954785278958,0.37162951312358616,Low
uttar pradesh,mathura,1.0,0.8369565217391305,0.7967736233117642,0.8901190435152684,High
uttar pradesh,auraiya,1.0,0.8233695652173914,0.8067645946766162,0.8890402479682024,High
uttar pradesh,sonbhadra,1.0,0.7065217391304348,0.899852868991648,0.8819123824366248,High
uttar pradesh,bhadohi,1.0,0.6141304347826088,0.9629375566860267,0.8731203974405907,High
uttar pradesh,chitrakoot,1.0,0.7554347826086957,0.7940983350273173,0.864859935290804,High
uttar pradesh,rae bareli,1.0,0.7282608695652175,0.7933074855986868,0.8564705065491713,High
uttar pradesh,banda,1.0,0.5266219429347826,0.7681763768357497,0.7884394959311597,High
uttar pradesh,shrawasti,1.0,0.42391304347826086,0.8606615371387304,0.7853723741850973,High
uttar pradesh,gonda,1.0,0.4076086956521739,0.8346267799016366,0.7726706426661432,High
uttar pradesh,pratapgarh,1.0,0.4456521739130435,0.7924853879485463,0.7714412685584771,High
uttar pradesh,amethi,1.0,0.3858695652173913,0.7675358903753864,0.7460216366778333,High
uttar pradesh,meerut,1.0,0.375,0.7708221272498014,0.7437466381749404,High
uttar pradesh,maharajganj,1.0,0.3695652173913044,0.7759845155568317,0.7436649198844408,High
uttar pradesh,fatehpur,1.0,0.3206521739130435,0.7741808619066721,0.7284499107459147,High
uttar pradesh,mirzapur,0.0,0.7255434782608695,0.7553340632877029,0.4442632624645717,Moderate
uttar pradesh,hardoi,0.0,0.7336956521739131,0.7291398494597389,0.4388506504900956,Moderate
uttar pradesh,kushinagar,0.0,0.6847826086956522,0.7629630789088313,0.43432370628134503,Moderate
uttar pradesh,bara banki,0.0,0.7119565217391305,0.730896813379799,0.43285600053567885,Moderate
uttar pradesh,hathras,0.0,0.6739130434782609,0.7648286223675778,0.43162249975375155,Moderate
uttar pradesh,muzaffarnagar,0.0,0.8369565217391305,0.5979364451186533,0.4304678900573351,Moderate
uttar pradesh,bahraich,0.0,0.7391304347826088,0.6952868106017704,0.43032517361531375,Moderate
uttar pradesh,gorakhpur,0.0,0.7065217391304348,0.7209848685648625,0.4282519823085892,Moderate
uttar pradesh,kasganj,0.0,0.8478260869565217,0.5457773947840185,0.41808104452216205,Moderate
uttar pradesh,mau,0.0,0.7173913043478262,0.6685895856071699,0.4157942669864988,Moderate
uttar pradesh,sant kabir nagar,0.0,0.6304347826086957,0.7203596578874689,0.40523833214884936,Moderate
uttar pradesh,balrampur,0.0,0.6304347826086957,0.6977219994286833,0.39844703461121367,Low
uttar pradesh,ballia,0.0,0.7082201086956522,0.6137230950042669,0.3965829611099757,Low
uttar pradesh,etah,0.0,0.7989130434782609,0.47909034504987635,0.38340101655844117,Low
uttar pradesh,sitapur,0.0,0.5115489130434783,0.7639466443798754,0.3826486672270061,Low
uttar pradesh,farrukhabad,0.0,0.7173913043478262,0.5555112537794517,0.3818707674381833,Low
uttar pradesh,kheri,0.0,0.5108695652173914,0.7596119760154766,0.3811444623698603,Low
uttar pradesh,varanasi,0.0,0.6956521739130435,0.5676860998109223,0.37900148211718976,Low
uttar pradesh,siddharthnagar,0.0,0.6304347826086957,0.6219762882266489,0.37572332125060337,Low
uttar pradesh,bulandshahr,0.0,0.5774456521739131,0.6718806744307155,0.3747978979813886,Low
uttar pradesh,kanpur dehat,0.0,0.49320652173913043,0.7547245578036819,0.37437932386284367,Low
uttar pradesh,moradabad,0.0,0.7377717391304348,0.5001664502467923,0.37138145681316814,Low
uttar pradesh,sultanpur,0.0,0.6739130434782609,0.5578286828031819,0.3695225178844328,Low
uttar pradesh,mainpuri,0.0,0.5978260869565217,0.6314677345995138,0.36878814646681063,Low
uttar pradesh,unnao,0.0,0.4673913043478261,0.7546442073412962,0.3666106535067367,Low
uttar pradesh,etawah,0.0,0.7160326086956522,0.505975133365571,0.36660232261836695,Low
uttar pradesh,lalitpur,0.0,0.7228260869565217,0.49236566716468455,0.36455752623636184,Low
uttar pradesh,ghazipur,0.0,0.49728260869565216,0.7131632582812953,0.36313376009308423,Low
uttar pradesh,jalaun,0.0,0.4456521739130435,0.7623599530024601,0.36240363807465104,Low
uttar pradesh,budaun,0.0,0.45652173913043476,0.7473563655206313,0.3611634313953198,Low
uttar pradesh,barabanki,0.0,0.45652173913043476,0.7467314533451767,0.36097595774268343,Low
uttar pradesh,saharanpur,0.0,0.6195652173913043,0.5834831218757205,0.3609145017801074,Low
uttar pradesh,deoria,0.0,0.5652173913043479,0.6305449492356896,0.35872870216201125,Low
uttar pradesh,agra,0.0,0.6684782608695652,0.5251295870625607,0.35808235437963776,Low
uttar pradesh,azamgarh,0.0,0.4673913043478261,0.7174133130763019,0.35544138522723834,Low
uttar pradesh,kannauj,0.0,0.5,0.6751117859739197,0.35253353579217594,Low
uttar pradesh,sant ravidas nagar,0.0,0.5434782608695652,0.6268701946916866,0.3511045366683755,Low
uttar pradesh,kaushambi,0.0,0.46603260869565216,0.6823618687110691,0.34451834322201635,Low
uttar pradesh,prayagraj,0.0,0.529891304347826,0.6061244679913675,0.34080473170175807,Low
uttar pradesh,hamirpur,0.0,0.5285326086956522,0.602796082356183,0.33939860731555055,Low
uttar pradesh,shahjahanpur,0.0,0.6005434782608695,0.5291849341490542,0.3389185237229771,Low
uttar pradesh,jhansi,0.0,0.40217391304347827,0.7145953633772124,0.3350307829262072,Low
uttar pradesh,chandauli,0.0,0.40217391304347827,0.7111742240874607,0.3340044411392817,Low
uttar pradesh,pilibhit,0.0,0.46059782608695654,0.6246106751338208,0.3255625503662332,Low
uttar pradesh,ayodhya,0.0,0.4347826086956522,0.6213271691984702,0.3168329333682367,Low
uttar pradesh,jaunpur,0.0,0.3695652173913044,0.6860935524550849,0.3166976309539168,Low
uttar pradesh,basti,0.0,0.391304347826087,0.6390981067356456,0.3091207363685198,Low
uttar pradesh,bagpat,0.0,0.5434782608695652,0.47000233458040647,0.30404417863499145,Low
uttar pradesh,aligarh,0.0,0.35054347826086957,0.6341527686747662,0.2954088740806907,Low
uttar pradesh,mahrajganj,0.0,0.5434782608695652,0.44052184686852563,0.2952000323214272,Low
uttar pradesh,ghaziabad,0.0,0.4293478260869565,0.5509006672118607,0.29407454798964516,Low
uttar pradesh,sambhal,0.0,0.28260869565217395,0.6938488143546635,0.2929372530020512,Low
uttar pradesh,ambedkar nagar,0.0,0.33695652173913043,0.6274004476082168,0.28930709080420414,Low
uttar pradesh,sant ravidas nagar bhadohi,0.0,0.5190217391304348,0.44193532880136965,0.2882871203795413,Low
uttar pradesh,mahoba,0.0,0.31521739130434784,0.6247076765993379,0.2819775203711057,Low
uttar pradesh,gautam buddha nagar,0.0,0.33695652173913043,0.5935987513145948,0.27916658191611754,Low
uttar pradesh,baghpat,0.0,0.29891304347826086,0.6234118050090609,0.27669745454619654,Low
uttar pradesh,jyotiba phule nagar,0.0,0.5434782608695652,0.3722821910987313,0.2747281355904889,Low
uttar pradesh,amroha,0.0,0.32608695652173914,0.5418790578860824,0.26038980432234643,Low
uttar pradesh,kanpur nagar,0.0,0.29347826086956524,0.5601984039834398,0.2561029994559015,Low
uttar pradesh,shamli,0.0,0.3586956521739131,0.48318627592125196,0.2525645784285495,Low
uttar pradesh,bareilly,0.0,0.2608695652173913,0.5750093579735739,0.2507636769572895,Low
uttar pradesh,shravasti,0.0,0.5434782608695652,0.2713559743897503,0.24445027057779461,Low
uttar pradesh,siddharth nagar,0.0,0.5434782608695652,0.27135597438975023,0.24445027057779461,Low
uttar pradesh,bulandshahar,0.0,0.5190217391304348,0.27401140529521656,0.23790994332769538,Low
uttar pradesh,kushinagar ,0.0,0.43586956521739134,0.3514876487638181,0.23620716419436283,Low
uttar pradesh,firozabad,0.0,0.29279891304347827,0.47554098475403583,0.23050196933925424,Low
uttar pradesh,hapur,0.0,0.13043478260869562,0.5757495327477004,0.2118552946069188,Low
uttar pradesh,rampur,0.0,0.26358695652173914,0.4394464442891706,0.21091002024327293,Low
uttar pradesh,lucknow,0.0,0.06521739130434777,0.4927121196854737,0.1673788532969464,Low
uttar pradesh,auraiya ,0.0,0.5434782608695652,0.0,0.16304347826086954,Low
uttar pradesh,baghpat ,0.0,0.5434782608695652,0.0,0.16304347826086954,Low
uttar pradesh,jyotiba phule nagar ,0.0,0.5434782608695652,0.0,0.16304347826086954,Low
uttar pradesh,kushi nagar,0.0,0.5434782608695652,0.0,0.16304347826086954,Low
uttar pradesh,mahoba ,0.0,0.5434782608695652,0.0,0.16304347826086954,Low
uttar pradesh,bijnor,0.0,0.07608695652173912,0.42958732636379776,0.15170228486566106,Low
uttarakhand,udham singh nagar,1.0,0.7173913043478262,0.8170373885030262,0.8603286078552557,High
uttarakhand,haridwar,1.0,0.45652173913043476,0.8975929600624311,0.8062344097578598,High
uttarakhand,pithoragarh,0.0,0.7608695652173914,0.6238665349227241,0.41542083004203467,Moderate
uttarakhand,dehradun,0.0,0.891304347826087,0.4256129039719115,0.3950751755393995,Low
uttarakhand,champawat,0.0,0.6739130434782609,0.5815518667470881,0.3766394730676047,Low
uttarakhand,chamoli,0.0,0.5869565217391305,0.6554340379813395,0.37271716791614096,Low
uttarakhand,almora,0.0,0.4130434782608696,0.7011914422333462,0.3342704761482647,Low
uttarakhand,uttarkashi,0.0,0.45652173913043476,0.6480639097653209,0.3313756946687267,Low
uttarakhand,nainital,0.0,0.32608695652173914,0.7467457530212406,0.32184981286289394,Low
uttarakhand,rudraprayag,0.0,0.6304347826086957,0.4405905000896605,0.32130758480950683,Low
uttarakhand,garhwal,0.0,0.5434782608695652,0.4420435606830667,0.29565654646578954,Low
uttarakhand,tehri garhwal,0.0,0.28260869565217395,0.6747196153554051,0.28719849330227376,Low
uttarakhand,bageshwar,0.0,0.28260869565217395,0.6664012892116936,0.2847029954591602,Low
uttarakhand,hardwar,0.0,0.4945652173913044,0.35280192245145053,0.2542101419528265,Low
uttarakhand,pauri garhwal,0.0,0.2391304347826087,0.5915264791403599,0.24919707417689058,Low
west bengal,purba bardhaman,1.0,0.5733695652173914,0.855358862766096,0.8286185283950462,High
west bengal,cooch behar,1.0,0.4456521739130435,0.7818655545995575,0.7682553185537804,High
west bengal,east midnapore,0.0,0.7391304347826088,0.7572067145569726,0.4489011448018744,Moderate
west bengal,murshidabad,0.0,0.7934782608695652,0.6280842846606064,0.42646876365905145,Moderate
west bengal,howrah,0.0,0.8478260869565217,0.5463940695255026,0.4182660469446073,Moderate
west bengal,haora,0.0,0.641304347826087,0.7525583952334118,0.41815882291784967,Moderate
west bengal,purulia,0.0,0.6521739130434783,0.7174263001253489,0.41088006395064813,Moderate
west bengal,nadia,0.0,0.766304347826087,0.6032779601988418,0.41087469240747865,Moderate
west bengal,koch bihar,0.0,0.5978260869565217,0.7218231937159599,0.3958947842017445,Low
west bengal,south dinajpur,0.0,0.5434782608695652,0.766044892093961,0.39285694588905784,Low
west bengal,kolkata,0.0,0.7391304347826088,0.5321333087055377,0.38137912304644395,Low
west bengal,uttar dinajpur,0.0,0.6739130434782609,0.5967435314552664,0.3811969724800581,Low
west bengal,south twenty four parganas,0.0,0.532608695652174,0.7228109268955542,0.3766258867643184,Low
west bengal,domjur,0.0,0.8043478260869565,0.4431224506070854,0.37424108300821257,Low
west bengal,paschim bardhaman,0.0,0.5434782608695652,0.6958730636539533,0.37180539735705553,Low
west bengal,jalpaiguri,0.0,0.44021739130434784,0.7666246179943725,0.3620526027896161,Low
west bengal,darjeeling,0.0,0.6739130434782609,0.5273227590423774,0.36037074075619147,Low
west bengal,paschim medinipur,0.0,0.5652173913043479,0.6241406197095644,0.3568074033041737,Low
west bengal,maldah,0.0,0.5,0.656629717311066,0.34698891519331976,Low
west bengal,hoogly,0.0,0.6847826086956522,0.4559101154663498,0.3422078172486006,Low
west bengal,dakshin dinajpur,0.0,0.3695652173913044,0.753476965995843,0.3369126550161442,Low
west bengal,bardhaman,0.0,0.4782608695652174,0.6422194093365271,0.33614408367052334,Low
west bengal,south dumdumm,0.0,0.5434782608695652,0.5756329488194266,0.33573336290669753,Low
west bengal,west midnapore,0.0,0.3804347826086956,0.7302885326236226,0.33321699456969545,Low
west bengal,hawrah,0.0,0.5923913043478262,0.5165243453184986,0.3326746948998974,Low
west bengal,darjiling,0.0,0.5217391304347826,0.5852923452565191,0.3321094427073905,Low
west bengal,jhargram,0.0,0.5,0.5963303369197644,0.32889910107592935,Low
west bengal,kalimpong,0.0,0.5,0.5871739025084101,0.326152170752523,Low
west bengal,north twenty four parganas,0.0,0.4130434782608696,0.6324607587778607,0.31365127111161906,Low
west bengal,malda,0.0,0.40489130434782605,0.6306338883822227,0.3106575578190146,Low
west bengal,north dinajpur,0.0,0.40372670807453415,0.6165646474725656,0.3060874066641299,Low
west bengal,bankura,0.0,0.4456521739130435,0.5700095000327959,0.30469850218375183,Low
west bengal,alipurduar,0.0,0.5258152173913044,0.48856916478817924,0.3043153146538451,Low
west bengal,birbhum,0.0,0.3980978260869566,0.6093274966941464,0.30222759683433087,Low
west bengal,barddhaman,0.0,0.3315217391304348,0.6638342648403056,0.2986068011912221,Low
west bengal,hooghiy,0.0,0.5434782608695652,0.44588336486118113,0.29680848771922386,Low
west bengal,coochbehar,0.0,0.5434782608695652,0.44309364976795945,0.29597157319125733,Low
west bengal,west medinipur,0.0,0.641304347826087,0.30061450326405587,0.2825756553270429,Low
west bengal,east midnapur,0.0,0.6168478260869565,0.30061450326405587,0.2752386988053037,Low
west bengal,south 24 parganas,0.0,0.45652173913043476,0.4530469214745921,0.27287059818150805,Low
west bengal,north 24 parganas,0.0,0.3315217391304348,0.524604160608115,0.25683776992156493,Low
west bengal,dinajpur uttar,0.0,0.4130434782608696,0.4247775985287035,0.25134632303687193,Low
west bengal,medinipur,0.0,0.5679347826086957,0.2659143960122061,0.25015475358627054,Low
west bengal,24 paraganas north,0.0,0.5434782608695652,0.2713559743897503,0.24445027057779461,Low
west bengal,medinipur west,0.0,0.5434782608695652,0.27135597438975023,0.24445027057779461,Low
west bengal,south 24 pargana,0.0,0.5434782608695652,0.2713559743897503,0.24445027057779461,Low
west bengal,purba medinipur,0.0,0.21195652173913043,0.471004647044332,0.2048883506350387,Low
west bengal,24 paraganas south,0.0,0.5434782608695652,0.0,0.16304347826086954,Low
west bengal,bally jagachha,0.0,0.5434782608695652,0.0,0.16304347826086954,Low
west bengal,burdwan,0.0,0.5434782608695652,0.0,0.16304347826086954,Low
west bengal,dinajpur dakshin,0.0,0.5434782608695652,0.0,0.16304347826086954,Low
